"Name_REPHY";"Phylum";"Subphylum";"Infraphylum";"Class";"Subclass";"Order";"Family";"Genus"
"Cerataulina pelagica";NA;NA;NA;NA;NA;NA;NA;NA
"Chaetoceros danicus";"Ochrophyta";"Khakista";NA;"Bacillariophyceae";"Coscinodiscophycidae";"Chaetocerotanae incertae sedis";"Chaetocerotaceae";"Chaetoceros"
"Chaetoceros decipiens";"Ochrophyta";"Khakista";NA;"Bacillariophyceae";"Coscinodiscophycidae";"Chaetocerotanae incertae sedis";"Chaetocerotaceae";"Chaetoceros"
"Chaetoceros teres";"Ochrophyta";"Khakista";NA;"Bacillariophyceae";"Coscinodiscophycidae";"Chaetocerotanae incertae sedis";"Chaetocerotaceae";"Chaetoceros"
"Cryptomonas";"Cryptophyta";NA;NA;"Cryptophyceae";NA;"Cryptomonadales";"Cryptomonadaceae";"Cryptomonas"
"Cylindrotheca gracilis";"Ochrophyta";"Khakista";NA;"Bacillariophyceae";"Bacillariophycidae";"Bacillariales";"Bacillariaceae";"Cylindrotheca"
"Cochlodinium";"Myzozoa";"Dinozoa";"Dinoflagellata";"Dinophyceae";NA;"Gymnodiniales";"Gymnodiniaceae";"Cochlodinium"
"Diploneis";"Ochrophyta";"Khakista";NA;"Bacillariophyceae";"Bacillariophycidae";"Naviculales";"Diploneidaceae";"Diploneis"
"Emiliania";"Haptophyta";NA;NA;"Prymnesiophyceae";NA;"Isochrysidales";"Noelaerhabdaceae";"Emiliania"
"Gymnodinium";"Myzozoa";"Dinozoa";"Dinoflagellata";"Dinophyceae";NA;"Gymnodiniales";"Gymnodiniaceae";"Gymnodinium"
"Gyrodinium";"Myzozoa";"Dinozoa";"Dinoflagellata";"Dinophyceae";NA;"Gymnodiniales";"Gymnodiniaceae";"Gyrodinium"
"Gyrodinium flagellare";"Myzozoa";"Dinozoa";"Dinoflagellata";"Dinophyceae";NA;"Gymnodiniales";"Gymnodiniaceae";"Gyrodinium"
"Haslea wawrikae";"Ochrophyta";"Khakista";NA;"Bacillariophyceae";"Bacillariophycidae";"Naviculales";"Naviculaceae";"Haslea"
"Hemiaulus hauckii";"Ochrophyta";"Khakista";NA;"Bacillariophyceae";"Coscinodiscophycidae";"Hemiaulales";"Hemiaulaceae";"Hemiaulus"
"Mastogloia rostratra";"Ochrophyta";"Khakista";NA;"Bacillariophyceae";"Bacillariophycidae";"Mastogloiales";"Mastogloiaceae";"Mastogloia"
"Minidiscus";"Ochrophyta";"Khakista";NA;"Bacillariophyceae";"Coscinodiscophycidae";"Thalassiosirales";"Thalassiosiraceae";"Minidiscus"
"Navicula";"Ochrophyta";"Khakista";NA;"Bacillariophyceae";"Bacillariophycidae";"Naviculales";"Naviculaceae";"Navicula"
"Nitzschia rectilonga";"Ochrophyta";"Khakista";NA;"Bacillariophyceae";"Bacillariophycidae";"Bacillariales";"Bacillariaceae";"Nitzschia"
"Pleurosigma + Gyrosigma";"Ochrophyta";"Khakista";NA;"Bacillariophyceae";"Bacillariophycidae";"Naviculales";"Pleurosigmataceae";"Pleurosigma+Gyrosigma"
"Protoperidinium";"Myzozoa";"Dinozoa";"Dinoflagellata";"Dinophyceae";NA;"Peridiniales";"Protoperidiniaceae";"Protoperidinium"
"Pseudo-nitzschia delicatissima";"Ochrophyta";"Khakista";NA;"Bacillariophyceae";"Bacillariophycidae";"Bacillariales";"Bacillariaceae";"Pseudo-nitzschia"
"Rhizosolenia hebetata";"Ochrophyta";"Khakista";NA;"Bacillariophyceae";"Coscinodiscophycidae";"Rhizosoleniales";"Rhizosoleniaceae";"Rhizosolenia"
"Scrippsiella + Ensiculifera + Pentapharsodinium + Bysmatrum";"Myzozoa";"Dinozoa";"Dinoflagellata";"Dinophyceae";NA;"Peridiniales";"Peridiniaceae";"Scrippsiella+Ensiculifera+Pentapharsodinium+Bysmatrum"
"Thalassionema nitzschioides";"Ochrophyta";"Khakista";NA;"Bacillariophyceae";"Fragilariophycidae";"Thalassionematales";"Thalassionemataceae";"Thalassionema"
"Scrippsiella";"Myzozoa";"Dinozoa";"Dinoflagellata";"Dinophyceae";NA;"Peridiniales";"Peridiniaceae";"Scrippsiella"
"Skeletonema";"Ochrophyta";"Khakista";NA;"Bacillariophyceae";"Coscinodiscophycidae";"Thalassiosirales";"Skeletonemaceae";"Skeletonema"
"Stauroneis";"Ochrophyta";"Khakista";NA;"Bacillariophyceae";"Bacillariophycidae";"Naviculales";"Stauroneidaceae";"Stauroneis"
"Striatella interrupta";"Ochrophyta";"Khakista";NA;"Bacillariophyceae";"Fragilariophycidae";"Striatellales";"Striatellaceae";"Striatella"
"Synedra";"Ochrophyta";"Khakista";NA;"Bacillariophyceae";"Fragilariophycidae";"Fragilariales";"Fragilariaceae";"Synedra"
"Thalassionema frauenfeldii";"Ochrophyta";"Khakista";NA;"Bacillariophyceae";"Fragilariophycidae";"Thalassionematales";"Thalassionemataceae";"Thalassionema"
"Amphora";"Ochrophyta";"Khakista";NA;"Bacillariophyceae";"Bacillariophycidae";"Thalassiophysales";"Catenulaceae";"Amphora"
"Bacteriastrum";"Ochrophyta";"Khakista";NA;"Bacillariophyceae";"Coscinodiscophycidae";"Chaetocerotanae incertae sedis";"Chaetocerotaceae";"Bacteriastrum"
"Bleakeleya notata";"Ochrophyta";"Khakista";NA;"Bacillariophyceae";"Fragilariophycidae";"Fragilariales";"Fragilariaceae";"Bleakeleya"
"Ceratium teres";"Myzozoa";"Dinozoa";"Dinoflagellata";"Dinophyceae";NA;"Gonyaulacales";"Ceratiaceae";"Ceratium"
"Chaetoceros";"Ochrophyta";"Khakista";NA;"Bacillariophyceae";"Coscinodiscophycidae";"Chaetocerotanae incertae sedis";"Chaetocerotaceae";"Chaetoceros"
"Chaetoceros tortissimus";"Ochrophyta";"Khakista";NA;"Bacillariophyceae";"Coscinodiscophycidae";"Chaetocerotanae incertae sedis";"Chaetocerotaceae";"Chaetoceros"
"Gomphonema gracile";"Ochrophyta";"Khakista";NA;"Bacillariophyceae";"Bacillariophyceae incertae sedis";NA;NA;"Gomphonema"
"Gymnodiniales";"Myzozoa";"Dinozoa";"Dinoflagellata";"Dinophyceae";NA;"Gymnodiniales";NA;NA
"Licmophora";"Ochrophyta";"Khakista";NA;"Bacillariophyceae";"Fragilariophycidae";"Licmophorales";"Licmophoraceae";"Licmophora"
"Lioloma";"Ochrophyta";"Khakista";NA;"Bacillariophyceae";"Fragilariophycidae";"Thalassionematales";"Thalassionemataceae";"Lioloma"
"Neoceratium contortum";"Myzozoa";"Dinozoa";"Dinoflagellata";"Dinophyceae";NA;"Gonyaulacales";"Ceratiaceae";"Neoceratium"
"Nitzschia longissima";"Ochrophyta";"Khakista";NA;"Bacillariophyceae";"Bacillariophycidae";"Bacillariales";"Bacillariaceae";"Nitzschia"
"Oxytoxum globosum";"Myzozoa";"Dinozoa";"Dinoflagellata";"Dinophyceae";NA;"Peridiniales";"Oxytoxaceae";"Oxytoxum"
"Pleurosigmataceae";"Ochrophyta";"Khakista";NA;"Bacillariophyceae";"Bacillariophycidae";"Naviculales";"Pleurosigmataceae";NA
"Proboscia alata";"Ochrophyta";"Khakista";NA;"Bacillariophyceae";"Coscinodiscophycidae";"Rhizosoleniales";"Rhizosoleniaceae";"Proboscia"
"Protoperidinium ovum";"Myzozoa";"Dinozoa";"Dinoflagellata";"Dinophyceae";NA;"Peridiniales";"Protoperidiniaceae";"Protoperidinium"
"Pseudo-nitzschia";"Ochrophyta";"Khakista";NA;"Bacillariophyceae";"Bacillariophycidae";"Bacillariales";"Bacillariaceae";"Pseudo-nitzschia"
"Trichodesmium";"Cyanobacteria";NA;NA;"Cyanophyceae";"Oscillatoriophycideae";"Oscillatoriales";"Phormidiaceae";"Trichodesmium"
"Tripos longirostrus";"Myzozoa";"Dinozoa";"Dinoflagellata";"Dinophyceae";NA;"Gonyaulacales";"Ceratiaceae";"Tripos"
"Aulacoseira";"Ochrophyta";"Khakista";NA;"Bacillariophyceae";"Coscinodiscophycidae";"Aulacoseirales";"Aulacoseiraceae";"Aulacoseira"
"Bacillariaceae";"Ochrophyta";"Khakista";NA;"Bacillariophyceae";"Bacillariophycidae";"Bacillariales";"Bacillariaceae";NA
"Bacteriastrum furcatum";"Ochrophyta";"Khakista";NA;"Bacillariophyceae";"Coscinodiscophycidae";"Chaetocerotanae incertae sedis";"Chaetocerotaceae";"Bacteriastrum"
"Chaetoceros affinis";"Ochrophyta";"Khakista";NA;"Bacillariophyceae";"Coscinodiscophycidae";"Chaetocerotanae incertae sedis";"Chaetocerotaceae";"Chaetoceros"
"Chaetoceros laciniosus";"Ochrophyta";"Khakista";NA;"Bacillariophyceae";"Coscinodiscophycidae";"Chaetocerotanae incertae sedis";"Chaetocerotaceae";"Chaetoceros"
"Chaetoceros laeve";"Ochrophyta";"Khakista";NA;"Bacillariophyceae";"Coscinodiscophycidae";"Chaetocerotanae incertae sedis";"Chaetocerotaceae";"Chaetoceros"
"Chaetoceros peruvianus";"Ochrophyta";"Khakista";NA;"Bacillariophyceae";"Coscinodiscophycidae";"Chaetocerotanae incertae sedis";"Chaetocerotaceae";"Chaetoceros"
"Chaetoceros subtilis";"Ochrophyta";"Khakista";NA;"Bacillariophyceae";"Coscinodiscophycidae";"Chaetocerotanae incertae sedis";"Chaetocerotaceae";"Chaetoceros"
"Chaetoceros tenuissimus";"Ochrophyta";"Khakista";NA;"Bacillariophyceae";"Coscinodiscophycidae";"Chaetocerotanae incertae sedis";"Chaetocerotaceae";"Chaetoceros"
"Corethron";"Ochrophyta";"Khakista";NA;"Bacillariophyceae";"Coscinodiscophycidae";"Corethrales";"Corethraceae";"Corethron"
"Coscinodiscus";"Ochrophyta";"Khakista";NA;"Bacillariophyceae";"Coscinodiscophycidae";"Coscinodiscales";"Coscinodiscaceae";"Coscinodiscus"
"Dactyliosolen phuketensis";"Ochrophyta";"Khakista";NA;"Bacillariophyceae";"Coscinodiscophycidae";"Rhizosoleniales";"Rhizosoleniaceae";"Dactyliosolen"
"Dinophysis";"Myzozoa";"Dinozoa";"Dinoflagellata";"Dinophyceae";NA;"Dinophysiales";"Dinophysiaceae";"Dinophysis"
"Grammatophora";"Ochrophyta";"Khakista";NA;"Bacillariophyceae";"Fragilariophycidae";"Striatellales";"Striatellaceae";"Grammatophora"
"Leptocylindrus";"Ochrophyta";"Khakista";NA;"Bacillariophyceae";"Coscinodiscophycidae";"Leptocylindrales";"Leptocylindraceae";"Leptocylindrus"
"Paralia sulcata";"Ochrophyta";"Khakista";NA;"Bacillariophyceae";"Coscinodiscophycidae";"Paraliales";"Paraliaceae";"Paralia"
"Rhizosolenia";"Ochrophyta";"Khakista";NA;"Bacillariophyceae";"Coscinodiscophycidae";"Rhizosoleniales";"Rhizosoleniaceae";"Rhizosolenia"
"Rhizosoleniaceae";"Ochrophyta";"Khakista";NA;"Bacillariophyceae";"Coscinodiscophycidae";"Rhizosoleniales";"Rhizosoleniaceae";NA
"Thalassionema";"Ochrophyta";"Khakista";NA;"Bacillariophyceae";"Fragilariophycidae";"Thalassionematales";"Thalassionemataceae";"Thalassionema"
"Thalassiosira";"Ochrophyta";"Khakista";NA;"Bacillariophyceae";"Coscinodiscophycidae";"Thalassiosirales";"Thalassiosiraceae";"Thalassiosira"
"Chaetoceros lorenzianus";"Ochrophyta";"Khakista";NA;"Bacillariophyceae";"Coscinodiscophycidae";"Chaetocerotanae incertae sedis";"Chaetocerotaceae";"Chaetoceros"
"Chaetoceros pseudocurvisetus";"Ochrophyta";"Khakista";NA;"Bacillariophyceae";"Coscinodiscophycidae";"Chaetocerotanae incertae sedis";"Chaetocerotaceae";"Chaetoceros"
"Dactyliosolen fragilissimus";"Ochrophyta";"Khakista";NA;"Bacillariophyceae";"Coscinodiscophycidae";"Rhizosoleniales";"Rhizosoleniaceae";"Dactyliosolen"
"Dinophysis caudata";"Myzozoa";"Dinozoa";"Dinoflagellata";"Dinophyceae";NA;"Dinophysiales";"Dinophysiaceae";"Dinophysis"
"Entomoneis";"Ochrophyta";"Khakista";NA;"Bacillariophyceae";"Bacillariophycidae";"Surirellales";"Entomoneidaceae";"Entomoneis"
"Eutreptiella";"Euglenozoa";NA;NA;"Euglenoidea";"Euglenia";"Eutreptiida";"Eutreptiaceae";"Eutreptiella"
"Guinardia";"Ochrophyta";"Khakista";NA;"Bacillariophyceae";"Coscinodiscophycidae";"Rhizosoleniales";"Rhizosoleniaceae";"Guinardia"
"Guinardia striata";"Ochrophyta";"Khakista";NA;"Bacillariophyceae";"Coscinodiscophycidae";"Rhizosoleniales";"Rhizosoleniaceae";"Guinardia"
"Helicotheca tamesis";"Ochrophyta";"Khakista";NA;"Bacillariophyceae";"Coscinodiscophycidae";"Lithodesmiales";"Lithodesmiaceae";"Helicotheca"
"Karenia";"Myzozoa";"Dinozoa";"Dinoflagellata";"Dinophyceae";NA;"Gymnodiniales";"Kareniaceae";"Karenia"
"Katodinium";"Myzozoa";"Dinozoa";"Dinoflagellata";"Dinophyceae";NA;"Gymnodiniales";"Gymnodiniaceae";"Katodinium"
"Lingulodinium polyedrum";"Myzozoa";"Dinozoa";"Dinoflagellata";"Dinophyceae";NA;"Gonyaulacales";"Gonyaulacaceae";"Lingulodinium"
"Mastogloia";"Ochrophyta";"Khakista";NA;"Bacillariophyceae";"Bacillariophycidae";"Mastogloiales";"Mastogloiaceae";"Mastogloia"
"Odontella sinensis";"Ochrophyta";"Khakista";NA;"Bacillariophyceae";"Coscinodiscophycidae";"Triceratiales";"Triceratiaceae";"Odontella"
"Prorocentrum";"Myzozoa";"Dinozoa";"Dinoflagellata";"Dinophyceae";NA;"Prorocentrales";"Prorocentraceae";"Prorocentrum"
"Protoperidinium quinquecorne";"Myzozoa";"Dinozoa";"Dinoflagellata";"Dinophyceae";NA;"Peridiniales";"Protoperidiniaceae";"Protoperidinium"
"Torodinium";"Myzozoa";"Dinozoa";"Dinoflagellata";"Dinophyceae";NA;"Gymnodiniales";"Gymnodiniaceae";"Torodinium"
"Chaetoceros didymus";"Ochrophyta";"Khakista";NA;"Bacillariophyceae";"Coscinodiscophycidae";"Chaetocerotanae incertae sedis";"Chaetocerotaceae";"Chaetoceros"
"Dactyliosolen blavyanus";"Ochrophyta";"Khakista";NA;"Bacillariophyceae";"Coscinodiscophycidae";"Rhizosoleniales";"Rhizosoleniaceae";"Dactyliosolen"
"Guinardia flaccida";"Ochrophyta";"Khakista";NA;"Bacillariophyceae";"Coscinodiscophycidae";"Rhizosoleniales";"Rhizosoleniaceae";"Guinardia"
"Pseudosolenia calcar-avis";"Ochrophyta";"Khakista";NA;"Bacillariophyceae";"Coscinodiscophycidae";"Rhizosoleniales";"Rhizosoleniaceae";"Pseudosolenia"
"Cyanophyceae";"Cyanobacteria";NA;NA;"Cyanophyceae";NA;NA;NA;NA
"Dictyocha fibula";"Ochrophyta";"Phaeista";"Monista";"Dictyochophyceae";NA;"Dictyochales";"Dictyochaceae";"Dictyocha"
"Meuniera membranacea";"Ochrophyta";"Khakista";NA;"Bacillariophyceae";"Bacillariophycidae";"Naviculales";"Naviculaceae";"Meuniera"
"Prorocentrum micans";"Myzozoa";"Dinozoa";"Dinoflagellata";"Dinophyceae";NA;"Prorocentrales";"Prorocentraceae";"Prorocentrum"
"Torodinium robustum";"Myzozoa";"Dinozoa";"Dinoflagellata";"Dinophyceae";NA;"Gymnodiniales";"Gymnodiniaceae";"Torodinium"
"Warnowia";"Myzozoa";"Dinozoa";"Dinoflagellata";"Dinophyceae";NA;"Gymnodiniales";"Warnowiaceae";"Warnowia"
"Dactyliosolen";"Ochrophyta";"Khakista";NA;"Bacillariophyceae";"Coscinodiscophycidae";"Rhizosoleniales";"Rhizosoleniaceae";"Dactyliosolen"
"Haslea";"Ochrophyta";"Khakista";NA;"Bacillariophyceae";"Bacillariophycidae";"Naviculales";"Naviculaceae";"Haslea"
"Neoceratium pentagonum";"Myzozoa";"Dinozoa";"Dinoflagellata";"Dinophyceae";NA;"Gonyaulacales";"Ceratiaceae";"Neoceratium"
"Chrysochromulina";"Haptophyta";NA;NA;"Prymnesiophyceae";NA;"Prymnesiales";"Chrysochromulinaceae";"Chrysochromulina"
"Fragilaria";"Ochrophyta";"Khakista";NA;"Bacillariophyceae";"Fragilariophycidae";"Fragilariales";"Fragilariaceae";"Fragilaria"
"Cerataulina";"Ochrophyta";"Khakista";NA;"Bacillariophyceae";"Coscinodiscophycidae";"Hemiaulales";"Hemiaulaceae";"Cerataulina"
"Bacteriastrum elongatum";"Ochrophyta";"Khakista";NA;"Bacillariophyceae";"Coscinodiscophycidae";"Chaetocerotanae incertae sedis";"Chaetocerotaceae";"Bacteriastrum"
"Ceratocorys";"Myzozoa";"Dinozoa";"Dinoflagellata";"Dinophyceae";NA;"Gonyaulacales";"Ceratocoryaceae";"Ceratocorys"
"Chaetoceros borealis";"Ochrophyta";"Khakista";NA;"Bacillariophyceae";"Coscinodiscophycidae";"Chaetocerotanae incertae sedis";"Chaetocerotaceae";"Chaetoceros"
"Chaetoceros compressus";"Ochrophyta";"Khakista";NA;"Bacillariophyceae";"Coscinodiscophycidae";"Chaetocerotanae incertae sedis";"Chaetocerotaceae";"Chaetoceros"
"Nematodinium";"Myzozoa";"Dinozoa";"Dinoflagellata";"Dinophyceae";NA;"Gymnodiniales";"Warnowiaceae";"Nematodinium"
"Plagiotropis";"Ochrophyta";"Khakista";NA;"Bacillariophyceae";"Bacillariophycidae";"Naviculales";"Plagiotropidaceae";"Plagiotropis"
"Prorocentrum gracile";"Myzozoa";"Dinozoa";"Dinoflagellata";"Dinophyceae";NA;"Prorocentrales";"Prorocentraceae";"Prorocentrum"
"Rhizosolenia imbricata";"Ochrophyta";"Khakista";NA;"Bacillariophyceae";"Coscinodiscophycidae";"Rhizosoleniales";"Rhizosoleniaceae";"Rhizosolenia"
"Rhizosolenia setigera";"Ochrophyta";"Khakista";NA;"Bacillariophyceae";"Coscinodiscophycidae";"Rhizosoleniales";"Rhizosoleniaceae";"Rhizosolenia"
"Diplopsalis";"Myzozoa";"Dinozoa";"Dinoflagellata";"Dinophyceae";NA;"Peridiniales";"Protoperidiniaceae";"Diplopsalis"
"Eutreptia";"Euglenozoa";NA;NA;"Euglenoidea";"Euglenia";"Eutreptiida";"Eutreptiaceae";"Eutreptia"
"Gyrosigma lineare";"Ochrophyta";"Khakista";NA;"Bacillariophyceae";"Bacillariophycidae";"Naviculales";"Pleurosigmataceae";"Gyrosigma"
"Heterocapsa minima";"Myzozoa";"Dinozoa";"Dinoflagellata";"Dinophyceae";NA;"Peridiniales";"Peridiniida incertae sedis";"Heterocapsa"
"Leptocylindrus danicus";"Ochrophyta";"Khakista";NA;"Bacillariophyceae";"Coscinodiscophycidae";"Leptocylindrales";"Leptocylindraceae";"Leptocylindrus"
"Nanoflagellés";NA;NA;NA;NA;NA;NA;NA;NA
"Oxytoxum tesselatum";"Myzozoa";"Dinozoa";"Dinoflagellata";"Dinophyceae";NA;"Peridiniales";"Oxytoxaceae";"Oxytoxum"
"Protoperidinium conicum";"Myzozoa";"Dinozoa";"Dinoflagellata";"Dinophyceae";NA;"Peridiniales";"Protoperidiniaceae";"Protoperidinium"
"Gonyaulax";"Myzozoa";"Dinozoa";"Dinoflagellata";"Dinophyceae";NA;"Gonyaulacales";"Gonyaulacaceae";"Gonyaulax"
"Ostreopsis lenticularis";"Myzozoa";"Dinozoa";"Dinoflagellata";"Dinophyceae";NA;"Gonyaulacales";"Ostreopsidaceae";"Ostreopsis"
"Oxytoxum scolopax";"Myzozoa";"Dinozoa";"Dinoflagellata";"Dinophyceae";NA;"Peridiniales";"Oxytoxaceae";"Oxytoxum"
"Proboscia indica";"Ochrophyta";"Khakista";NA;"Bacillariophyceae";"Coscinodiscophycidae";"Rhizosoleniales";"Rhizosoleniaceae";"Proboscia"
"Prorocentrum dentatum";"Myzozoa";"Dinozoa";"Dinoflagellata";"Dinophyceae";NA;"Prorocentrales";"Prorocentraceae";"Prorocentrum"
"Pseudo-nitzschia seriata";"Ochrophyta";"Khakista";NA;"Bacillariophyceae";"Bacillariophycidae";"Bacillariales";"Bacillariaceae";"Pseudo-nitzschia"
"Thalassiothrix longissima";"Ochrophyta";"Khakista";NA;"Bacillariophyceae";"Fragilariophycidae";"Thalassionematales";"Thalassionemataceae";"Thalassiothrix"
"Warnowia polyphemus";"Myzozoa";"Dinozoa";"Dinoflagellata";"Dinophyceae";NA;"Gymnodiniales";"Warnowiaceae";"Warnowia"
"Prymnesiophyceae";"Haptophyta";NA;NA;"Prymnesiophyceae";NA;NA;NA;NA
"Pseudo-nitzschia turgidula";"Ochrophyta";"Khakista";NA;"Bacillariophyceae";"Bacillariophycidae";"Bacillariales";"Bacillariaceae";"Pseudo-nitzschia"
"Stichosiphon";"Cyanobacteria";NA;NA;"Cyanophyceae";"Oscillatoriophycideae";"Chroococcales";"Stichosiphonaceae";"Stichosiphon"
"Synechocystis";"Cyanobacteria";NA;NA;"Cyanophyceae";"Synechococcophycideae";"Synechococcales";"Merismopediaceae";"Synechocystis"
"Torodinium teredo";"Myzozoa";"Dinozoa";"Dinoflagellata";"Dinophyceae";NA;"Gymnodiniales";"Gymnodiniaceae";"Torodinium"
"Tripos extensus";"Myzozoa";"Dinozoa";"Dinoflagellata";"Dinophyceae";NA;"Gonyaulacales";"Ceratiaceae";"Tripos"
"Bacteriastrum delicatulum";"Ochrophyta";"Khakista";NA;"Bacillariophyceae";"Coscinodiscophycidae";"Chaetocerotanae incertae sedis";"Chaetocerotaceae";"Bacteriastrum"
"Chaetoceros curvisetus";"Ochrophyta";"Khakista";NA;"Bacillariophyceae";"Coscinodiscophycidae";"Chaetocerotanae incertae sedis";"Chaetocerotaceae";"Chaetoceros"
"Chaetoceros eibenii";"Ochrophyta";"Khakista";NA;"Bacillariophyceae";"Coscinodiscophycidae";"Chaetocerotanae incertae sedis";"Chaetocerotaceae";"Chaetoceros"
"Alexandrium";"Myzozoa";"Dinozoa";"Dinoflagellata";"Dinophyceae";NA;"Gonyaulacales";"Gonyaulacaceae";"Alexandrium"
"Prorocentrum maximum";"Myzozoa";"Dinozoa";"Dinoflagellata";"Dinophyceae";NA;"Prorocentrales";"Prorocentraceae";"Prorocentrum"
"Blepharocysta";"Myzozoa";"Dinozoa";"Dinoflagellata";"Dinophyceae";NA;"Peridiniales";"Podolampadaceae";"Blepharocysta"
"Dinophysis acuminata";"Myzozoa";"Dinozoa";"Dinoflagellata";"Dinophyceae";NA;"Dinophysiales";"Dinophysiaceae";"Dinophysis"
"Chaetoceros saltans";"Ochrophyta";"Khakista";NA;"Bacillariophyceae";"Coscinodiscophycidae";"Chaetocerotanae incertae sedis";"Chaetocerotaceae";"Chaetoceros"
"Chaetoceros aequatorialis";"Ochrophyta";"Khakista";NA;"Bacillariophyceae";"Coscinodiscophycidae";"Chaetocerotanae incertae sedis";"Chaetocerotaceae";"Chaetoceros"
"Chaetoceros tetrastichon";"Ochrophyta";"Khakista";NA;"Bacillariophyceae";"Coscinodiscophycidae";"Chaetocerotanae incertae sedis";"Chaetocerotaceae";"Chaetoceros"
"Nitzschia";"Ochrophyta";"Khakista";NA;"Bacillariophyceae";"Bacillariophycidae";"Bacillariales";"Bacillariaceae";"Nitzschia"
"Podolampas";"Myzozoa";"Dinozoa";"Dinoflagellata";"Dinophyceae";NA;"Peridiniales";"Podolampadaceae";"Podolampas"
"Amphidinium crassum";"Myzozoa";"Dinozoa";"Dinoflagellata";"Dinophyceae";NA;"Gymnodiniales";"Gymnodiniaceae";"Amphidinium"
"Chaetoceros wighamii";"Ochrophyta";"Khakista";NA;"Bacillariophyceae";"Coscinodiscophycidae";"Chaetocerotanae incertae sedis";"Chaetocerotaceae";"Chaetoceros"
"Guinardia cylindrus";"Ochrophyta";"Khakista";NA;"Bacillariophyceae";"Coscinodiscophycidae";"Rhizosoleniales";"Rhizosoleniaceae";"Guinardia"
"Hemiaulus membranaceus";"Ochrophyta";"Khakista";NA;"Bacillariophyceae";"Coscinodiscophycidae";"Hemiaulales";"Hemiaulaceae";"Hemiaulus"
"Podolampas spinifera";"Myzozoa";"Dinozoa";"Dinoflagellata";"Dinophyceae";NA;"Peridiniales";"Podolampadaceae";"Podolampas"
"Prorocentrum lima";"Myzozoa";"Dinozoa";"Dinoflagellata";"Dinophyceae";NA;"Prorocentrales";"Prorocentraceae";"Prorocentrum"
"Protoperidinium cassum";"Myzozoa";"Dinozoa";"Dinoflagellata";"Dinophyceae";NA;"Peridiniales";"Protoperidiniaceae";"Protoperidinium"
"Dictyocha";"Ochrophyta";"Phaeista";"Monista";"Dictyochophyceae";NA;"Dictyochales";"Dictyochaceae";"Dictyocha"
"Euglena";"Euglenozoa";NA;NA;"Euglenoidea";"Euglenia";"Euglenida";"Euglenaceae";"Euglena"
"Leptocylindrus mediterraneus";"Ochrophyta";"Khakista";NA;"Bacillariophyceae";"Coscinodiscophycidae";"Leptocylindrales";"Leptocylindraceae";"Leptocylindrus"
"Prorocentrum cordatum";"Myzozoa";"Dinozoa";"Dinoflagellata";"Dinophyceae";NA;"Prorocentrales";"Prorocentraceae";"Prorocentrum"
"Heterocapsa niei";"Myzozoa";"Dinozoa";"Dinoflagellata";"Dinophyceae";NA;"Peridiniales";"Peridiniida incertae sedis";"Heterocapsa"
"Heterocapsa triquetra";"Myzozoa";"Dinozoa";"Dinoflagellata";"Dinophyceae";NA;"Peridiniales";"Peridiniida incertae sedis";"Heterocapsa"
"Leptocylindrus minimus";"Ochrophyta";"Khakista";NA;"Bacillariophyceae";"Coscinodiscophycidae";"Leptocylindrales";"Leptocylindraceae";"Leptocylindrus"
"Thalassionema bacillare";"Ochrophyta";"Khakista";NA;"Bacillariophyceae";"Fragilariophycidae";"Thalassionematales";"Thalassionemataceae";"Thalassionema"
"Bacillaria paxillifera";"Ochrophyta";"Khakista";NA;"Bacillariophyceae";"Bacillariophycidae";"Bacillariales";"Bacillariaceae";"Bacillaria"
"Bacteriastrum hyalinum";"Ochrophyta";"Khakista";NA;"Bacillariophyceae";"Coscinodiscophycidae";"Chaetocerotanae incertae sedis";"Chaetocerotaceae";"Bacteriastrum"
"Chaetoceros neglectus";"Ochrophyta";"Khakista";NA;"Bacillariophyceae";"Coscinodiscophycidae";"Chaetocerotanae incertae sedis";"Chaetocerotaceae";"Chaetoceros"
"Chaetoceros socialis";"Ochrophyta";"Khakista";NA;"Bacillariophyceae";"Coscinodiscophycidae";"Chaetocerotanae incertae sedis";"Chaetocerotaceae";"Chaetoceros"
"Cocconeis";"Ochrophyta";"Khakista";NA;"Bacillariophyceae";"Bacillariophycidae";"Achnanthales";"Cocconeidaceae";"Cocconeis"
"Eucampia cornuta";"Ochrophyta";"Khakista";NA;"Bacillariophyceae";"Coscinodiscophycidae";"Hemiaulales";"Hemiaulaceae";"Eucampia"
"Manguinea fusiformis";"Ochrophyta";"Khakista";NA;"Bacillariophyceae";"Bacillariophycidae";"Naviculales";"Plagiotropidaceae";"Manguinea"
"Melosira";"Ochrophyta";"Khakista";NA;"Bacillariophyceae";"Coscinodiscophycidae";"Melosirales";"Melosiraceae";"Melosira"
"Asteroplanus karianus";"Ochrophyta";"Khakista";NA;"Bacillariophyceae";"Fragilariophycidae";"Fragilariales";"Fragilariaceae";"Asteroplanus"
"Peridiniella catenata";"Myzozoa";"Dinozoa";"Dinoflagellata";"Dinophyceae";NA;"Gonyaulacales";"Cladopyxidaceae";"Peridiniella"
"Protoperidinium steinii";"Myzozoa";"Dinozoa";"Dinoflagellata";"Dinophyceae";NA;"Peridiniales";"Protoperidiniaceae";"Protoperidinium"
"Campylosira";"Ochrophyta";"Khakista";NA;"Bacillariophyceae";"Coscinodiscophycidae";"Cymatosirales";"Cymatosiraceae";"Campylosira"
"Oxytoxum";"Myzozoa";"Dinozoa";"Dinoflagellata";"Dinophyceae";NA;"Peridiniales";"Oxytoxaceae";"Oxytoxum"
"Tripos fusus";"Myzozoa";"Dinozoa";"Dinoflagellata";"Dinophyceae";NA;"Gonyaulacales";"Ceratiaceae";"Tripos"
"Cylindrotheca closterium";"Ochrophyta";"Khakista";NA;"Bacillariophyceae";"Bacillariophycidae";"Bacillariales";"Bacillariaceae";"Cylindrotheca"
"Peridinea";"Myzozoa";"Dinozoa";"Dinoflagellata";"Peridinea";NA;NA;NA;NA
"Phalacroma";"Myzozoa";"Dinozoa";"Dinoflagellata";"Dinophyceae";NA;"Dinophysiales";"Dinophysiaceae";"Phalacroma"
"Tripos trichoceros";"Myzozoa";"Dinozoa";"Dinoflagellata";"Dinophyceae";NA;"Gonyaulacales";"Ceratiaceae";"Tripos"
"Brockmanniella brockmannii";"Ochrophyta";"Khakista";NA;"Bacillariophyceae";"Coscinodiscophycidae";"Cymatosirales";"Cymatosiraceae";"Brockmanniella"
"Chaetoceros brevis";"Ochrophyta";"Khakista";NA;"Bacillariophyceae";"Coscinodiscophycidae";"Chaetocerotanae incertae sedis";"Chaetocerotaceae";"Chaetoceros"
"Chaetoceros debilis";"Ochrophyta";"Khakista";NA;"Bacillariophyceae";"Coscinodiscophycidae";"Chaetocerotanae incertae sedis";"Chaetocerotaceae";"Chaetoceros"
"Chaetoceros mitra";"Ochrophyta";"Khakista";NA;"Bacillariophyceae";"Coscinodiscophycidae";"Chaetocerotanae incertae sedis";"Chaetocerotaceae";"Chaetoceros"
"Gonyaulax spinifera";"Myzozoa";"Dinozoa";"Dinoflagellata";"Dinophyceae";NA;"Gonyaulacales";"Gonyaulacaceae";"Gonyaulax"
"Lioloma pacificum";"Ochrophyta";"Khakista";NA;"Bacillariophyceae";"Fragilariophycidae";"Thalassionematales";"Thalassionemataceae";"Lioloma"
"Nitzschia sicula";"Ochrophyta";"Khakista";NA;"Bacillariophyceae";"Bacillariophycidae";"Bacillariales";"Bacillariaceae";"Nitzschia"
"Prorocentrum rostratum";"Myzozoa";"Dinozoa";"Dinoflagellata";"Dinophyceae";NA;"Prorocentrales";"Prorocentraceae";"Prorocentrum"
"Prorocentrum scutellum";"Myzozoa";"Dinozoa";"Dinoflagellata";"Dinophyceae";NA;"Prorocentrales";"Prorocentraceae";"Prorocentrum"
"Protoperidinium pellucidum";"Myzozoa";"Dinozoa";"Dinoflagellata";"Dinophyceae";NA;"Peridiniales";"Protoperidiniaceae";"Protoperidinium"
"Skeletonema subsalsum";"Ochrophyta";"Khakista";NA;"Bacillariophyceae";"Coscinodiscophycidae";"Thalassiosirales";"Skeletonemaceae";"Skeletonema"
"Chaetoceros neogracile";"Ochrophyta";"Khakista";NA;"Bacillariophyceae";"Coscinodiscophycidae";"Chaetocerotanae incertae sedis";"Chaetocerotaceae";"Chaetoceros"
"Nitzschia sigma";"Ochrophyta";"Khakista";NA;"Bacillariophyceae";"Bacillariophycidae";"Bacillariales";"Bacillariaceae";"Nitzschia"
"Octactis octonaria";"Ochrophyta";"Phaeista";"Monista";"Dictyochophyceae";NA;"Dictyochales";"Dictyochaceae";"Octactis"
"Phaeodactylum tricornutum";"Ochrophyta";"Khakista";NA;"Bacillariophyceae";"Bacillariophycidae";"Naviculales";"Phaeodactylaceae";"Phaeodactylum"
"Dinoflagellata";"Myzozoa";"Dinozoa";"Dinoflagellata";NA;NA;NA;NA;NA
"Protoperidinium bipes";"Myzozoa";"Dinozoa";"Dinoflagellata";"Dinophyceae";NA;"Peridiniales";"Protoperidiniaceae";"Protoperidinium"
"Dinophysis fortii";"Myzozoa";"Dinozoa";"Dinoflagellata";"Dinophyceae";NA;"Dinophysiales";"Dinophysiaceae";"Dinophysis"
"Phalacroma rotundatum";"Myzozoa";"Dinozoa";"Dinoflagellata";"Dinophyceae";NA;"Dinophysiales";"Dinophysiaceae";"Phalacroma"
"Synedra fulgens";"Ochrophyta";"Khakista";NA;"Bacillariophyceae";"Fragilariophycidae";"Fragilariales";"Fragilariaceae";"Synedra"
"Cerataulina dentata";"Ochrophyta";"Khakista";NA;"Bacillariophyceae";"Coscinodiscophycidae";"Hemiaulales";"Hemiaulaceae";"Cerataulina"
"Chaetoceros anastomosans";"Ochrophyta";"Khakista";NA;"Bacillariophyceae";"Coscinodiscophycidae";"Chaetocerotanae incertae sedis";"Chaetocerotaceae";"Chaetoceros"
"Chaetoceros atlanticus";"Ochrophyta";"Khakista";NA;"Bacillariophyceae";"Coscinodiscophycidae";"Chaetocerotanae incertae sedis";"Chaetocerotaceae";"Chaetoceros"
"Pyrophacus";"Myzozoa";"Dinozoa";"Dinoflagellata";"Dinophyceae";NA;"Gonyaulacales";"Pyrophacaceae";"Pyrophacus"
"Skeletonema costatum";"Ochrophyta";"Khakista";NA;"Bacillariophyceae";"Coscinodiscophycidae";"Thalassiosirales";"Skeletonemaceae";"Skeletonema"
"Scenedesmus";"Chlorophyta";NA;NA;"Chlorophyceae";NA;"Sphaeropleales";"Scenedesmaceae";"Scenedesmus"
"Corythodinium";"Myzozoa";"Dinozoa";"Dinoflagellata";"Dinophyceae";NA;"Peridiniales";"Oxytoxaceae";"Corythodinium"
"Neoceratium furca";"Myzozoa";"Dinozoa";"Dinoflagellata";"Dinophyceae";NA;"Gonyaulacales";"Ceratiaceae";"Neoceratium"
"Bacillariophyceae";"Ochrophyta";"Khakista";NA;"Bacillariophyceae";NA;NA;NA;NA
"Discosphaera";"Haptophyta";NA;NA;"Prymnesiophyceae";NA;"Syracosphaerales";"Rhabdosphaeraceae";"Discosphaera"
"Eucampia";"Ochrophyta";"Khakista";NA;"Bacillariophyceae";"Coscinodiscophycidae";"Hemiaulales";"Hemiaulaceae";"Eucampia"
"Climacosphenia";"Ochrophyta";"Khakista";NA;"Bacillariophyceae";"Fragilariophycidae";"Climacospheniales";"Climacospheniaceae";"Climacosphenia"
"Isthmia enervis";"Ochrophyta";"Khakista";NA;"Bacillariophyceae";"Coscinodiscophycidae";"Biddulphiales";"Biddulphiaceae";"Isthmia"
"Chaetoceros simplex";"Ochrophyta";"Khakista";NA;"Bacillariophyceae";"Coscinodiscophycidae";"Chaetocerotanae incertae sedis";"Chaetocerotaceae";"Chaetoceros"
"Coccolithaceae";"Haptophyta";NA;NA;"Prymnesiophyceae";NA;"Coccolithales";"Coccolithaceae";NA
"Spirulina";"Cyanobacteria";NA;NA;"Cyanophyceae";"Synechococcophycideae";"Pseudanabaenales";"Pseudanabaenaceae";"Spirulina"
"Thalassiothrix";"Ochrophyta";"Khakista";NA;"Bacillariophyceae";"Fragilariophycidae";"Thalassionematales";"Thalassionemataceae";"Thalassiothrix"
"Prorocentrum triestinum";"Myzozoa";"Dinozoa";"Dinoflagellata";"Dinophyceae";NA;"Prorocentrales";"Prorocentraceae";"Prorocentrum"
"Asterionellopsis glacialis";"Ochrophyta";"Khakista";NA;"Bacillariophyceae";"Fragilariophycidae";"Fragilariales";"Fragilariaceae";"Asterionellopsis"
"Asterolampra marylandica";"Ochrophyta";"Khakista";NA;"Bacillariophyceae";"Coscinodiscophycidae";"Asterolamprales";"Asterolampraceae";"Asterolampra"
"Calciosolenia brasiliensis";"Haptophyta";NA;NA;"Prymnesiophyceae";NA;"Syracosphaerales";"Calciosoleniaceae";"Calciosolenia"
"Calciosolenia murrayi";"Haptophyta";NA;NA;"Prymnesiophyceae";NA;"Syracosphaerales";"Calciosoleniaceae";"Calciosolenia"
"Coccosphaerales";"Haptophyta";NA;NA;"Prymnesiophyceae";NA;"Coccosphaerales";NA;NA
"Discosphaera tubifer";"Haptophyta";NA;NA;"Prymnesiophyceae";NA;"Syracosphaerales";"Rhabdosphaeraceae";"Discosphaera"
"Emiliania huxleyi";"Haptophyta";NA;NA;"Prymnesiophyceae";NA;"Isochrysidales";"Noelaerhabdaceae";"Emiliania"
"Halamphora costata";"Ochrophyta";"Khakista";NA;"Bacillariophyceae";"Bacillariophycidae";"Naviculales";"Amphipleuraceae";"Halamphora"
"Lithodesmium undulatum";"Ochrophyta";"Khakista";NA;"Bacillariophyceae";"Coscinodiscophycidae";"Lithodesmiales";"Lithodesmiaceae";"Lithodesmium"
"Michaelsarsia adriaticus";"Haptophyta";NA;NA;"Prymnesiophyceae";NA;"Syracosphaerales";"Syracosphaeraceae";"Michaelsarsia"
"Michaelsarsia elegans";"Haptophyta";NA;NA;"Prymnesiophyceae";NA;"Syracosphaerales";"Syracosphaeraceae";"Michaelsarsia"
"Neoceratium concilians";"Myzozoa";"Dinozoa";"Dinoflagellata";"Dinophyceae";NA;"Gonyaulacales";"Ceratiaceae";"Neoceratium"
"Neoceratium kofoidii";"Myzozoa";"Dinozoa";"Dinoflagellata";"Dinophyceae";NA;"Gonyaulacales";"Ceratiaceae";"Neoceratium"
"Ophiaster hydroideus";"Haptophyta";NA;NA;"Prymnesiophyceae";NA;"Syracosphaerales";"Syracosphaeraceae";"Ophiaster"
"Oxytoxum variabile";"Myzozoa";"Dinozoa";"Dinoflagellata";"Dinophyceae";NA;"Peridiniales";"Oxytoxaceae";"Oxytoxum"
"Pleurosigma";"Ochrophyta";"Khakista";NA;"Bacillariophyceae";"Bacillariophycidae";"Naviculales";"Pleurosigmataceae";"Pleurosigma"
"Tripos horridus";"Myzozoa";"Dinozoa";"Dinoflagellata";"Dinophyceae";NA;"Gonyaulacales";"Ceratiaceae";"Tripos"
"Umbilicosphaera sibogae";"Haptophyta";NA;NA;"Prymnesiophyceae";NA;"Coccolithales";"Calcidiscaceae";"Umbilicosphaera"
"Centriques";"Ochrophyta";"Khakista";NA;"Bacillariophyceae";"Coscinodiscophycidae";NA;NA;NA
"Pennées";"Ochrophyta";"Khakista";NA;"Bacillariophyceae";"Bacillariophycidae+Fragilariophycidae";NA;NA;NA
"Pleurosira laevis";"Ochrophyta";"Khakista";NA;"Bacillariophyceae";"Coscinodiscophycidae";"Triceratiales";"Triceratiaceae";"Pleurosira"
"Umbellosphaera irregularis";"Haptophyta";NA;NA;"Haptophyta incertae sedis";NA;NA;"Umbellosphaeraceae";"Umbellosphaera"
"Heterocapsa";"Myzozoa";"Dinozoa";"Dinoflagellata";"Dinophyceae";NA;"Peridiniales";"Peridiniida incertae sedis";"Heterocapsa"
"Pyramimonas";"Chlorophyta";NA;NA;"Pyramimonadophyceae";NA;"Pyramimonadales";"Pyramimonadaceae";"Pyramimonas"
"Euglenoidea";"Euglenozoa";NA;NA;"Euglenoidea";NA;NA;NA;NA
"Naviculaceae";"Ochrophyta";"Khakista";NA;"Bacillariophyceae";"Bacillariophycidae";"Naviculales";"Naviculaceae";NA
"Neoceratium";"Myzozoa";"Dinozoa";"Dinoflagellata";"Dinophyceae";NA;"Gonyaulacales";"Ceratiaceae";"Neoceratium"
"Odontella";"Ochrophyta";"Khakista";NA;"Bacillariophyceae";"Coscinodiscophycidae";"Triceratiales";"Triceratiaceae";"Odontella"
"Oxytoxum laticeps";"Myzozoa";"Dinozoa";"Dinoflagellata";"Dinophyceae";NA;"Peridiniales";"Oxytoxaceae";"Oxytoxum"
"Pronoctiluca pelagica";"Myzozoa";"Dinozoa";"Dinoflagellata";"Dinophyceae";NA;"Noctilucales";"Protodiniferaceae";"Pronoctiluca"
"Oscillatoria";"Cyanobacteria";NA;NA;"Cyanophyceae";"Oscillatoriophycideae";"Oscillatoriales";"Oscillatoriaceae";"Oscillatoria"
"Thalassiophysa hyalina";"Ochrophyta";"Khakista";NA;"Bacillariophyceae";"Bacillariophycidae";"Thalassiophysales";"Thalassiophysaceae";"Thalassiophysa"
"Chaetoceros diversus";"Ochrophyta";"Khakista";NA;"Bacillariophyceae";"Coscinodiscophycidae";"Chaetocerotanae incertae sedis";"Chaetocerotaceae";"Chaetoceros"
"Donkinia";"Ochrophyta";"Khakista";NA;"Bacillariophyceae";"Bacillariophycidae";"Naviculales";"Pleurosigmataceae";"Donkinia"
"Bacteriastrum jadranum";"Ochrophyta";"Khakista";NA;"Bacillariophyceae";"Coscinodiscophycidae";"Chaetocerotanae incertae sedis";"Chaetocerotaceae";"Bacteriastrum"
"Cylindrotheca closterium + Nitzschia longissima";"Ochrophyta";"Khakista";NA;"Bacillariophyceae";"Bacillariophycidae";"Bacillariales";"Bacillariaceae";"Cylindrotheca+Nitzschia"
"Prorocentrum lenticulatum";"Myzozoa";"Dinozoa";"Dinoflagellata";"Dinophyceae";NA;"Prorocentrales";"Prorocentraceae";"Prorocentrum"
"Amphisolenia bidentata";"Myzozoa";"Dinozoa";"Dinoflagellata";"Dinophyceae";NA;"Dinophysiales";"Amphisoleniaceae";"Amphisolenia"
"Coronosphaera";"Haptophyta";NA;NA;"Prymnesiophyceae";NA;"Syracosphaerales";"Syracosphaeraceae";"Coronosphaera"
"Gephyrocapsa oceanica";"Haptophyta";NA;NA;"Prymnesiophyceae";NA;"Isochrysidales";"Noelaerhabdaceae";"Gephyrocapsa"
"Neoceratium declinatum";"Myzozoa";"Dinozoa";"Dinoflagellata";"Dinophyceae";NA;"Gonyaulacales";"Ceratiaceae";"Neoceratium"
"Rhabdolithes claviger";"Haptophyta";NA;NA;"Prymnesiophyceae";NA;"Prymnesiophyceae incertae sedis";NA;"Rhabdolithes"
"Akashiwo sanguinea";"Myzozoa";"Dinozoa";"Dinoflagellata";"Dinophyceae";NA;"Gymnodiniales";"Gymnodiniaceae";"Akashiwo"
"Chaetoceros dadayi";"Ochrophyta";"Khakista";NA;"Bacillariophyceae";"Coscinodiscophycidae";"Chaetocerotanae incertae sedis";"Chaetocerotaceae";"Chaetoceros"
"Climacosphenia moniligera";"Ochrophyta";"Khakista";NA;"Bacillariophyceae";"Fragilariophycidae";"Climacospheniales";"Climacospheniaceae";"Climacosphenia"
"Syracosphaera";"Haptophyta";NA;NA;"Prymnesiophyceae";NA;"Syracosphaerales";"Syracosphaeraceae";"Syracosphaera"
"Gonyaulax fusiformis";"Myzozoa";"Dinozoa";"Dinoflagellata";"Dinophyceae";NA;"Gonyaulacales";"Gonyaulacaceae";"Gonyaulax"
"Gonyaulax kofoidii";"Myzozoa";"Dinozoa";"Dinoflagellata";"Dinophyceae";NA;"Gonyaulacales";"Gonyaulacaceae";"Gonyaulax"
"Grammatophora marina";"Ochrophyta";"Khakista";NA;"Bacillariophyceae";"Fragilariophycidae";"Striatellales";"Striatellaceae";"Grammatophora"
"Grammatophora undulata";"Ochrophyta";"Khakista";NA;"Bacillariophyceae";"Fragilariophycidae";"Striatellales";"Striatellaceae";"Grammatophora"
"Histioneis karstenii";"Myzozoa";"Dinozoa";"Dinoflagellata";"Dinophyceae";NA;"Dinophysiales";"Dinophysiaceae";"Histioneis"
"Nitzschia bicapitata";"Ochrophyta";"Khakista";NA;"Bacillariophyceae";"Bacillariophycidae";"Bacillariales";"Bacillariaceae";"Nitzschia"
"Hemiaulus sinensis";"Ochrophyta";"Khakista";NA;"Bacillariophyceae";"Coscinodiscophycidae";"Hemiaulales";"Hemiaulaceae";"Hemiaulus"
"Oxytoxum viride";"Myzozoa";"Dinozoa";"Dinoflagellata";"Dinophyceae";NA;"Peridiniales";"Oxytoxaceae";"Oxytoxum"
"Protoceratium spinulosum";"Myzozoa";"Dinozoa";"Dinoflagellata";"Dinophyceae";NA;"Gonyaulacales";"Gonyaulacaceae";"Protoceratium"
"Scyphosphaera apsteinii";"Haptophyta";NA;NA;"Prymnesiophyceae";NA;"Zygodiscales";"Pontosphaeraceae";"Scyphosphaera"
"Rhizosolenia simplex";"Ochrophyta";"Khakista";NA;"Bacillariophyceae";"Coscinodiscophycidae";"Rhizosoleniales";"Rhizosoleniaceae";"Rhizosolenia"
"Richelia intracellularis";"Cyanobacteria";NA;NA;"Cyanophyceae";"Nostocophycideae";"Nostocales";"Nostocaceae";"Richelia"
"Umbellosphaera";"Haptophyta";NA;NA;"Haptophyta incertae sedis";NA;NA;"Umbellosphaeraceae";"Umbellosphaera"
"Neoceratium candelabrum";"Myzozoa";"Dinozoa";"Dinoflagellata";"Dinophyceae";NA;"Gonyaulacales";"Ceratiaceae";"Neoceratium"
"Ornithocercus magnificus";"Myzozoa";"Dinozoa";"Dinoflagellata";"Dinophyceae";NA;"Dinophysiales";"Dinophysiaceae";"Ornithocercus"
"Cladopyxis brachiolata";"Myzozoa";"Dinozoa";"Dinoflagellata";"Dinophyceae";NA;"Gonyaulacales";"Cladopyxidaceae";"Cladopyxis"
"Oxytoxum caudatum";"Myzozoa";"Dinozoa";"Dinoflagellata";"Dinophyceae";NA;"Peridiniales";"Oxytoxaceae";"Oxytoxum"
"Plagiotropis lepidoptera";"Ochrophyta";"Khakista";NA;"Bacillariophyceae";"Bacillariophycidae";"Naviculales";"Plagiotropidaceae";"Plagiotropis"
"Pyrocystis noctiluca";"Myzozoa";"Dinozoa";"Dinoflagellata";"Dinophyceae";NA;"Pyrocystales";"Pyrocystaceae";"Pyrocystis"
"Pontosphaera";"Haptophyta";NA;NA;"Prymnesiophyceae";NA;"Zygodiscales";"Pontosphaeraceae";"Pontosphaera"
"Raphidophyceae";"Ochrophyta";"Phaeista";"Monista";"Raphidophyceae";NA;NA;NA;NA
"Bellerochea";"Ochrophyta";"Khakista";NA;"Bacillariophyceae";"Coscinodiscophycidae";"Hemiaulales";"Bellerocheaceae";"Bellerochea"
"Coscinodiscus radiatus";"Ochrophyta";"Khakista";NA;"Bacillariophyceae";"Coscinodiscophycidae";"Coscinodiscales";"Coscinodiscaceae";"Coscinodiscus"
"Dinophysis amandula";"Myzozoa";"Dinozoa";"Dinoflagellata";"Dinophyceae";NA;"Dinophysiales";"Dinophysiaceae";"Dinophysis"
"Oxytoxum longum";"Myzozoa";"Dinozoa";"Dinoflagellata";"Dinophyceae";NA;"Peridiniales";"Oxytoxaceae";"Oxytoxum"
"Kofoidinium velleloides";"Myzozoa";"Dinozoa";"Dinoflagellata";"Dinophyceae";NA;"Noctilucales";"Kofoidiniaceae";"Kofoidinium"
"Neoceratium euarcuatum";"Myzozoa";"Dinozoa";"Dinoflagellata";"Dinophyceae";NA;"Gonyaulacales";"Ceratiaceae";"Neoceratium"
"Amphisolenia schroederi";"Myzozoa";"Dinozoa";"Dinoflagellata";"Dinophyceae";NA;"Dinophysiales";"Amphisoleniaceae";"Amphisolenia"
"Coccolithus pelagicus";"Haptophyta";NA;NA;"Prymnesiophyceae";NA;"Coccolithales";"Coccolithaceae";"Coccolithus"
"Grammatophora oceanica";"Ochrophyta";"Khakista";NA;"Bacillariophyceae";"Fragilariophycidae";"Striatellales";"Striatellaceae";"Grammatophora"
"Oxytoxum parvum";"Myzozoa";"Dinozoa";"Dinoflagellata";"Dinophyceae";NA;"Peridiniales";"Oxytoxaceae";"Oxytoxum"
"Podolampas elegans";"Myzozoa";"Dinozoa";"Dinoflagellata";"Dinophyceae";NA;"Peridiniales";"Podolampadaceae";"Podolampas"
"Acanthoica";"Haptophyta";NA;NA;"Prymnesiophyceae";NA;"Syracosphaerales";"Rhabdosphaeraceae";"Acanthoica"
"Ceratium";"Myzozoa";"Dinozoa";"Dinoflagellata";"Dinophyceae";NA;"Gonyaulacales";"Ceratiaceae";"Ceratium"
"Asteromphalus heptactis";"Ochrophyta";"Khakista";NA;"Bacillariophyceae";"Coscinodiscophycidae";"Asterolamprales";"Asterolampraceae";"Asteromphalus"
"Gyrodinium fusus";"Myzozoa";"Dinozoa";"Dinoflagellata";"Dinophyceae";NA;"Gymnodiniales";"Gymnodiniaceae";"Gyrodinium"
"Lioloma elongatum";"Ochrophyta";"Khakista";NA;"Bacillariophyceae";"Fragilariophycidae";"Thalassionematales";"Thalassionemataceae";"Lioloma"
"Asterionella formosa";"Ochrophyta";"Khakista";NA;"Bacillariophyceae";"Fragilariophycidae";"Fragilariales";"Fragilariaceae";"Asterionella"
"Nitzschia fusiformis";"Ochrophyta";"Khakista";NA;"Bacillariophyceae";"Bacillariophycidae";"Bacillariales";"Bacillariaceae";"Nitzschia"
"Ostreopsis ovata";"Myzozoa";"Dinozoa";"Dinoflagellata";"Dinophyceae";NA;"Gonyaulacales";"Ostreopsidaceae";"Ostreopsis"
"Pinnularia";"Ochrophyta";"Khakista";NA;"Bacillariophyceae";"Bacillariophycidae";"Naviculales";"Pinnulariaceae";"Pinnularia"
"Asteromphalus";"Ochrophyta";"Khakista";NA;"Bacillariophyceae";"Coscinodiscophycidae";"Asterolamprales";"Asterolampraceae";"Asteromphalus"
"Dictyochophyceae";"Ochrophyta";"Phaeista";"Monista";"Dictyochophyceae";NA;NA;NA;NA
"Grammatophora serpentina";"Ochrophyta";"Khakista";NA;"Bacillariophyceae";"Fragilariophycidae";"Striatellales";"Striatellaceae";"Grammatophora"
"Isthmia japonica";"Ochrophyta";"Khakista";NA;"Bacillariophyceae";"Coscinodiscophycidae";"Biddulphiales";"Biddulphiaceae";"Isthmia"
"Lampriscus orbiculatum";"Ochrophyta";"Khakista";NA;"Bacillariophyceae";"Coscinodiscophycidae";"Triceratiales";"Triceratiaceae";"Lampriscus"
"Podocystis";"Ochrophyta";"Khakista";NA;"Bacillariophyceae";"Fragilariophycidae";"Fragilariales";"Fragilariaceae";"Podocystis"
"Prorocentrum mexicanum";"Myzozoa";"Dinozoa";"Dinoflagellata";"Dinophyceae";NA;"Prorocentrales";"Prorocentraceae";"Prorocentrum"
"Rhabdonema adriaticum";"Ochrophyta";"Khakista";NA;"Bacillariophyceae";"Fragilariophycidae";"Rhabdonematales";"Rhabdonemataceae";"Rhabdonema"
"Actinocyclus";"Ochrophyta";"Khakista";NA;"Bacillariophyceae";"Coscinodiscophycidae";"Coscinodiscales";"Hemidiscaceae";"Actinocyclus"
"Cryptophyceae";"Cryptophyta";NA;NA;"Cryptophyceae";NA;NA;NA;NA
"Gomphonema";"Ochrophyta";"Khakista";NA;"Bacillariophyceae";"Bacillariophyceae incertae sedis";NA;NA;"Gomphonema"
"Meringosphaera";"Ochrophyta";"Phaeista";"Limnista";"Xanthophyceae";NA;"Mischococcales";"Pleurochloridaceae";"Meringosphaera"
"Fragilariaceae";"Ochrophyta";"Khakista";NA;"Bacillariophyceae";"Fragilariophycidae";"Fragilariales";"Fragilariaceae";NA
"Guinardia delicatula";"Ochrophyta";"Khakista";NA;"Bacillariophyceae";"Coscinodiscophycidae";"Rhizosoleniales";"Rhizosoleniaceae";"Guinardia"
"Palaeophalacroma";"Myzozoa";"Dinozoa";"Dinoflagellata";"Dinophyceae";NA;"Gonyaulacales";"Cladopyxidaceae";"Palaeophalacroma"
"Catenula";"Ochrophyta";"Khakista";NA;"Bacillariophyceae";"Bacillariophycidae";"Thalassiophysales";"Catenulaceae";"Catenula"
"Cyclophora tenuis";"Ochrophyta";"Khakista";NA;"Bacillariophyceae";"Fragilariophycidae";"Cyclophorales";"Cyclophoraceae";"Cyclophora"
"Rhabdolithes";"Haptophyta";NA;NA;"Prymnesiophyceae";NA;"Prymnesiophyceae incertae sedis";NA;"Rhabdolithes"
"Coolia";"Myzozoa";"Dinozoa";"Dinoflagellata";"Dinophyceae";NA;"Gonyaulacales";"Ostreopsidaceae";"Coolia"
"Lyrella";"Ochrophyta";"Khakista";NA;"Bacillariophyceae";"Bacillariophycidae";"Lyrellales";"Lyrellaceae";"Lyrella"
"Bleakeleya";"Ochrophyta";"Khakista";NA;"Bacillariophyceae";"Fragilariophycidae";"Fragilariales";"Fragilariaceae";"Bleakeleya"
"Neoceratium macroceros";"Myzozoa";"Dinozoa";"Dinoflagellata";"Dinophyceae";NA;"Gonyaulacales";"Ceratiaceae";"Neoceratium"
"Striatella";"Ochrophyta";"Khakista";NA;"Bacillariophyceae";"Fragilariophycidae";"Striatellales";"Striatellaceae";"Striatella"
"Denticula";"Ochrophyta";"Khakista";NA;"Bacillariophyceae";"Bacillariophycidae";"Bacillariales";"Bacillariaceae";"Denticula"
"Corethron pennatum";"Ochrophyta";"Khakista";NA;"Bacillariophyceae";"Coscinodiscophycidae";"Corethrales";"Corethraceae";"Corethron"
"Navicula directa";"Ochrophyta";"Khakista";NA;"Bacillariophyceae";"Bacillariophycidae";"Naviculales";"Naviculaceae";"Navicula"
"Pyrodinium bahamense";"Myzozoa";"Dinozoa";"Dinoflagellata";"Dinophyceae";NA;"Gonyaulacales";"Goniodomataceae";"Pyrodinium"
"Caloneis";"Ochrophyta";"Khakista";NA;"Bacillariophyceae";"Bacillariophycidae";"Naviculales";"Naviculaceae";"Caloneis"
"Pleurosigma aestuarii";"Ochrophyta";"Khakista";NA;"Bacillariophyceae";"Bacillariophycidae";"Naviculales";"Pleurosigmataceae";"Pleurosigma"
"Achnanthes";"Ochrophyta";"Khakista";NA;"Bacillariophyceae";"Bacillariophycidae";"Achnanthales";"Achnanthaceae";"Achnanthes"
"Chlamydomonas";"Chlorophyta";NA;NA;"Chlorophyceae";NA;"Volvocales";"Chlamydomonadaceae";"Chlamydomonas"
"Auricula complexa";"Ochrophyta";"Khakista";NA;"Bacillariophyceae";"Bacillariophycidae";"Surirellales";"Auriculaceae";"Auricula"
"Chaetoceros similis";"Ochrophyta";"Khakista";NA;"Bacillariophyceae";"Coscinodiscophycidae";"Chaetocerotanae incertae sedis";"Chaetocerotaceae";"Chaetoceros"
"Gonyaulax polygramma";"Myzozoa";"Dinozoa";"Dinoflagellata";"Dinophyceae";NA;"Gonyaulacales";"Gonyaulacaceae";"Gonyaulax"
"Lyrella lyra";"Ochrophyta";"Khakista";NA;"Bacillariophyceae";"Bacillariophycidae";"Lyrellales";"Lyrellaceae";"Lyrella"
"Ostreopsis";"Myzozoa";"Dinozoa";"Dinoflagellata";"Dinophyceae";NA;"Gonyaulacales";"Ostreopsidaceae";"Ostreopsis"
"Striatella unipunctata";"Ochrophyta";"Khakista";NA;"Bacillariophyceae";"Fragilariophycidae";"Striatellales";"Striatellaceae";"Striatella"
"Surirella";"Ochrophyta";"Khakista";NA;"Bacillariophyceae";"Bacillariophycidae";"Surirellales";"Surirellaceae";"Surirella"
"Tripos lineatus";"Myzozoa";"Dinozoa";"Dinoflagellata";"Dinophyceae";NA;"Gonyaulacales";"Ceratiaceae";"Tripos"
"Fragilariopsis";"Ochrophyta";"Khakista";NA;"Bacillariophyceae";"Bacillariophycidae";"Bacillariales";"Bacillariaceae";"Fragilariopsis"
"Climaconeis";"Ochrophyta";"Khakista";NA;"Bacillariophyceae";"Bacillariophycidae";"Naviculales";"Berkeleyaceae";"Climaconeis"
"Stictocyclus";"Ochrophyta";"Khakista";NA;"Bacillariophyceae";"Coscinodiscophycidae";"Stictocyclales";"Stictocyclaceae";"Stictocyclus"
"Gonyaulax digitale";"Myzozoa";"Dinozoa";"Dinoflagellata";"Dinophyceae";NA;"Gonyaulacales";"Gonyaulacaceae";"Gonyaulax"
"Rhizosolenia styliformis";"Ochrophyta";"Khakista";NA;"Bacillariophyceae";"Coscinodiscophycidae";"Rhizosoleniales";"Rhizosoleniaceae";"Rhizosolenia"
"Toxarium undulatum";"Ochrophyta";"Khakista";NA;"Bacillariophyceae";"Fragilariophycidae";"Toxariales";"Toxariaceae";"Toxarium"
"Hyalosira interrupta";"Ochrophyta";"Khakista";NA;"Bacillariophyceae";"Bacillariophyceae incertae sedis";NA;NA;"Hyalosira"
"Isthmia minima";"Ochrophyta";"Khakista";NA;"Bacillariophyceae";"Coscinodiscophycidae";"Biddulphiales";"Biddulphiaceae";"Isthmia"
"Karenia brevis";"Myzozoa";"Dinozoa";"Dinoflagellata";"Dinophyceae";NA;"Gymnodiniales";"Kareniaceae";"Karenia"
"Thalassiothrix heteromorpha";"Ochrophyta";"Khakista";NA;"Bacillariophyceae";"Fragilariophycidae";"Thalassionematales";"Thalassionemataceae";"Thalassiothrix"
"Lithodesmium";"Ochrophyta";"Khakista";NA;"Bacillariophyceae";"Coscinodiscophycidae";"Lithodesmiales";"Lithodesmiaceae";"Lithodesmium"
"Helladosphaera";"Haptophyta";NA;NA;"Prymnesiophyceae";NA;"Coccosphaerales";"Calyptrosphaeraceae";"Helladosphaera"
"Bacteriastrum comosum";"Ochrophyta";"Khakista";NA;"Bacillariophyceae";"Coscinodiscophycidae";"Chaetocerotanae incertae sedis";"Chaetocerotaceae";"Bacteriastrum"
"Polykrikos";"Myzozoa";"Dinozoa";"Dinoflagellata";"Dinophyceae";NA;"Gymnodiniales";"Polykrikaceae";"Polykrikos"
"Prasinophyceae";"Chlorophyta";NA;NA;"Prasinophyceae";NA;NA;NA;NA
"Prymnesium";"Haptophyta";NA;NA;"Prymnesiophyceae";NA;"Prymnesiales";"Prymnesiaceae";"Prymnesium"
"Porosira";"Ochrophyta";"Khakista";NA;"Bacillariophyceae";"Coscinodiscophycidae";"Thalassiosirales";"Thalassiosiraceae";"Porosira"
"Rhizosolenia setigera + setigera f. pungens";"Ochrophyta";"Khakista";NA;"Bacillariophyceae";"Coscinodiscophycidae";"Rhizosoleniales";"Rhizosoleniaceae";"Rhizosolenia"
"Thalassiosira + Porosira";"Ochrophyta";"Khakista";NA;"Bacillariophyceae";"Coscinodiscophycidae";"Thalassiosirales";"Thalassiosiraceae";"Thalassiosira+Porosira"
"Thalassiosira rotula";"Ochrophyta";"Khakista";NA;"Bacillariophyceae";"Coscinodiscophycidae";"Thalassiosirales";"Thalassiosiraceae";"Thalassiosira"
"Biddulphia";"Ochrophyta";"Khakista";NA;"Bacillariophyceae";"Coscinodiscophycidae";"Biddulphiales";"Biddulphiaceae";"Biddulphia"
"Chaetoceros curvisetus + debilis + pseudocurvisetus";"Ochrophyta";"Khakista";NA;"Bacillariophyceae";"Coscinodiscophycidae";"Chaetocerotanae incertae sedis";"Chaetocerotaceae";"Chaetoceros"
"Ditylum";"Ochrophyta";"Khakista";NA;"Bacillariophyceae";"Coscinodiscophycidae";"Lithodesmiales";"Lithodesmiaceae";"Ditylum"
"Navicula + Fallacia + Haslea + Lyrella + Petroneis";"Ochrophyta";"Khakista";NA;"Bacillariophyceae";"Bacillariophycidae";"Naviculales+Lyrellales";"Naviculaceae+Sellaphoraceae+Lyrellaceae";"Navicula+Fallacia+Haslea+Lyrella+Petroneis"
"Plagiogramma";"Ochrophyta";"Khakista";NA;"Bacillariophyceae";"Coscinodiscophycidae";"Triceratiales";"Plagiogrammaceae";"Plagiogramma"
"Rhaphoneis + Delphineis";"Ochrophyta";"Khakista";NA;"Bacillariophyceae";"Bacillariophycidae";"Rhaponeidales";"Rhaphoneidaceae";"Rhaphoneis+Delphineis"
"Thalassiosira levanderi + minima";"Ochrophyta";"Khakista";NA;"Bacillariophyceae";"Coscinodiscophycidae";"Thalassiosirales";"Thalassiosiraceae";"Thalassiosira"
"Noctiluca scintillans";"Myzozoa";"Dinozoa";"Dinoflagellata";"Dinophyceae";NA;"Noctilucales";"Noctilucaceae";"Noctiluca"
"Chaetoceros socialis + socialis f. radians";"Ochrophyta";"Khakista";NA;"Bacillariophyceae";"Coscinodiscophycidae";"Chaetocerotanae incertae sedis";"Chaetocerotaceae";"Chaetoceros"
"Lauderia + Schroederella";"Ochrophyta";"Khakista";NA;"Bacillariophyceae";"Coscinodiscophycidae";"Thalassiosirales+Melosirales";"Lauderiaceae+Melosiraceae";"Lauderia+Schroederella"
"Peridiniales";"Myzozoa";"Dinozoa";"Dinoflagellata";"Dinophyceae";NA;"Peridiniales";NA;NA
"Rhizosolenia imbricata + styliformis";"Ochrophyta";"Khakista";NA;"Bacillariophyceae";"Coscinodiscophycidae";"Rhizosoleniales";"Rhizosoleniaceae";"Rhizosolenia"
"Phaeocystis";"Haptophyta";NA;NA;"Prymnesiophyceae";NA;"Phaeocystales";"Phaeocystaceae";"Phaeocystis"
"Eucampia + Climacodium";"Ochrophyta";"Khakista";NA;"Bacillariophyceae";"Coscinodiscophycidae";"Hemiaulales";"Hemiaulaceae";"Eucampia+Climacodium"
"Prorocentrum micans + arcuatum + gibbosum";"Myzozoa";"Dinozoa";"Dinoflagellata";"Dinophyceae";NA;"Prorocentrales";"Prorocentraceae";"Prorocentrum"
"Odontella regia";"Ochrophyta";"Khakista";NA;"Bacillariophyceae";"Coscinodiscophycidae";"Triceratiales";"Triceratiaceae";"Odontella"
"Gyrodinium spirale";"Myzozoa";"Dinozoa";"Dinoflagellata";"Dinophyceae";NA;"Gymnodiniales";"Gymnodiniaceae";"Gyrodinium"
"Protoctista";"Kingdom_protista";NA;NA;NA;NA;NA;NA;NA
"Coscinodiscus + Stellarima";"Ochrophyta";"Khakista";NA;"Bacillariophyceae";"Coscinodiscophycidae";"Coscinodiscales";"Coscinodiscaceae";"Coscinodiscus+Stellarima"
"Odontella mobiliensis";"Ochrophyta";"Khakista";NA;"Bacillariophyceae";"Coscinodiscophycidae";"Triceratiales";"Triceratiaceae";"Odontella"
"Dissodinium + Pyrocystis";"Myzozoa";"Dinozoa";"Dinoflagellata";"Dinophyceae";NA;"Pyrocystales";"Pyrocystaceae";"Dissodinium+Pyrocystis"
"Podosira + Hyalodiscus";"Ochrophyta";"Khakista";NA;"Bacillariophyceae";"Coscinodiscophycidae";"Melosirales";"Hyalodiscaceae";"Podosira+Hyalodiscus"
"Protoperidinium + Peridinium";"Myzozoa";"Dinozoa";"Dinoflagellata";"Dinophyceae";NA;"Peridiniales";"Protoperidiniaceae+Peridiniaceae";"Protoperidinium+Peridinium"
"Ciliophora";"Ciliophora";NA;NA;NA;NA;NA;NA;NA
"Biddulphia rhombus";"Ochrophyta";"Khakista";NA;"Bacillariophyceae";"Coscinodiscophycidae";"Biddulphiales";"Biddulphiaceae";"Biddulphia"
"Odontella aurita";"Ochrophyta";"Khakista";NA;"Bacillariophyceae";"Coscinodiscophycidae";"Triceratiales";"Triceratiaceae";"Odontella"
"Stephanopyxis";"Ochrophyta";"Khakista";NA;"Bacillariophyceae";"Coscinodiscophycidae";"Melosirales";"Stephanopyxidaceae";"Stephanopyxis"
"Helicotheca";"Ochrophyta";"Khakista";NA;"Bacillariophyceae";"Coscinodiscophycidae";"Lithodesmiales";"Lithodesmiaceae";"Helicotheca"
"Thalassiosira nordenskioeldii";"Ochrophyta";"Khakista";NA;"Bacillariophyceae";"Coscinodiscophycidae";"Thalassiosirales";"Thalassiosiraceae";"Thalassiosira"
"Amphidinium";"Myzozoa";"Dinozoa";"Dinoflagellata";"Dinophyceae";NA;"Gymnodiniales";"Gymnodiniaceae";"Amphidinium"
"Trigonium alternans";"Ochrophyta";"Khakista";NA;"Bacillariophyceae";"Coscinodiscophycidae";"Biddulphiales";"Biddulphiaceae";"Trigonium"
"Chaetoceros decipiens + lorenzianus";"Ochrophyta";"Khakista";NA;"Bacillariophyceae";"Coscinodiscophycidae";"Chaetocerotanae incertae sedis";"Chaetocerotaceae";"Chaetoceros"
"Thalassiosira angulata";"Ochrophyta";"Khakista";NA;"Bacillariophyceae";"Coscinodiscophycidae";"Thalassiosirales";"Thalassiosiraceae";"Thalassiosira"
"Chrysophyceae";"Ochrophyta";"Phaeista";"Limnista";"Chrysophyceae";NA;NA;NA;NA
"Mesodinium";"Ciliophora";"Intramacronucleata";"Rhabdophora";"Litostomatea";"Haptoria";"Cyclotrichiida";"Mesodiniidae";"Mesodinium"
"Diplopsalis+Diplopelta+Diplopsalopsis+Preperidinium+Oblea";"Myzozoa";"Dinozoa";"Dinoflagellata";"Dinophyceae";NA;"Peridiniales";"Protoperidiniaceae";"Diplopsalis+Diplopelta+Diplopsalopsis+Preperidinium+Oblea"
"Leptocylindrus danicus + curvatus";"Ochrophyta";"Khakista";NA;"Bacillariophyceae";"Coscinodiscophycidae";"Leptocylindrales";"Leptocylindraceae";"Leptocylindrus"
"Alexandrium ostenfeldii";"Myzozoa";"Dinozoa";"Dinoflagellata";"Dinophyceae";NA;"Gonyaulacales";"Gonyaulacaceae";"Alexandrium"
"Mesodinium rubrum";"Ciliophora";"Intramacronucleata";"Rhabdophora";"Litostomatea";"Haptoria";"Cyclotrichiida";"Mesodiniidae";"Mesodinium"
"Synedra + Toxarium";"Ochrophyta";"Khakista";NA;"Bacillariophyceae";"Fragilariophycidae";"Fragilariales+Toxariales";"Fragilariaceae+Toxariaceae";"Synedra+Toxarium"
"Pyrocystis";"Myzozoa";"Dinozoa";"Dinoflagellata";"Dinophyceae";NA;"Pyrocystales";"Pyrocystaceae";"Pyrocystis"
"Chaetoceros didymus + protuberans";"Ochrophyta";"Khakista";NA;"Bacillariophyceae";"Coscinodiscophycidae";"Chaetocerotanae incertae sedis";"Chaetocerotaceae";"Chaetoceros"
"Chlorophyceae";"Chlorophyta";NA;NA;"Chlorophyceae";NA;NA;NA;NA
"Nitzschia + Hantzschia";"Ochrophyta";"Khakista";NA;"Bacillariophyceae";"Bacillariophycidae";"Bacillariales";"Bacillariaceae";"Hantzschia+Nitzschia"
"Odontella granulata";"Ochrophyta";"Khakista";NA;"Bacillariophyceae";"Coscinodiscophycidae";"Triceratiales";"Triceratiaceae";"Odontella"
"Heterosigma akashiwo";"Ochrophyta";"Phaeista";"Monista";"Raphidophyceae";NA;"Chattonellales";"Chattonellaceae";"Heterosigma"
"Asterionella + Asterionellopsis + Asteroplanus";"Ochrophyta";"Khakista";NA;"Bacillariophyceae";"Fragilariophycidae";"Fragilariales";"Fragilariaceae";"Asterionella+Asterionellopsis+Asteroplanus"
"Alexandrium minutum";"Myzozoa";"Dinozoa";"Dinoflagellata";"Dinophyceae";NA;"Gonyaulacales";"Gonyaulacaceae";"Alexandrium"
"Delphineis";"Ochrophyta";"Khakista";NA;"Bacillariophyceae";"Bacillariophycidae";"Rhaponeidales";"Rhaphoneidaceae";"Delphineis"
"Eucampia zodiacus";"Ochrophyta";"Khakista";NA;"Bacillariophyceae";"Coscinodiscophycidae";"Hemiaulales";"Hemiaulaceae";"Eucampia"
"Rhaphoneis";"Ochrophyta";"Khakista";NA;"Bacillariophyceae";"Bacillariophycidae";"Rhaponeidales";"Rhaphoneidaceae";"Rhaphoneis"
"Thalassiosira antarctica";"Ochrophyta";"Khakista";NA;"Bacillariophyceae";"Coscinodiscophycidae";"Thalassiosirales";"Thalassiosiraceae";"Thalassiosira"
"Thalassiosira levanderi";"Ochrophyta";"Khakista";NA;"Bacillariophyceae";"Coscinodiscophycidae";"Thalassiosirales";"Thalassiosiraceae";"Thalassiosira"
"Thalassiosira rotula + gravida";"Ochrophyta";"Khakista";NA;"Bacillariophyceae";"Coscinodiscophycidae";"Thalassiosirales";"Thalassiosiraceae";"Thalassiosira"
"Pseudo-nitzschia, complexe seriata, groupe des effilées (multiseries + pungens)";"Ochrophyta";"Khakista";NA;"Bacillariophyceae";"Bacillariophycidae";"Bacillariales";"Bacillariaceae";"Pseudo-nitzschia"
"Pseudo-nitzschia, complexe seriata, groupe des larges (australis + fraudulenta + seriata + subpacifica)";"Ochrophyta";"Khakista";NA;"Bacillariophyceae";"Bacillariophycidae";"Bacillariales";"Bacillariaceae";"Pseudo-nitzschia"
"Chaetoceros socialis f. radians";"Ochrophyta";"Khakista";NA;"Bacillariophyceae";"Coscinodiscophycidae";"Chaetocerotanae incertae sedis";"Chaetocerotaceae";"Chaetoceros"
"Ditylum brightwellii";"Ochrophyta";"Khakista";NA;"Bacillariophyceae";"Coscinodiscophycidae";"Lithodesmiales";"Lithodesmiaceae";"Ditylum"
"Pseudo-nitzschia, complexe delicatissima, groupe des fines (calliantha + delicatissima + pseudodelicatissima + subcurvata)";"Ochrophyta";"Khakista";NA;"Bacillariophyceae";"Bacillariophycidae";"Bacillariales";"Bacillariaceae";"Pseudo-nitzschia"
"Diplopsalopsis";"Myzozoa";"Dinozoa";"Dinoflagellata";"Dinophyceae";NA;"Peridiniales";"Protoperidiniaceae";"Diplopsalopsis"
"Pseudo-nitzschia, groupe des sigmoïdes (multistriata)";"Ochrophyta";"Khakista";NA;"Bacillariophyceae";"Bacillariophycidae";"Bacillariales";"Bacillariaceae";"Pseudo-nitzschia"
"Karlodinium";"Myzozoa";"Dinozoa";"Dinoflagellata";"Dinophyceae";NA;"Gymnodiniales";"Kareniaceae";"Karlodinium"
"Gyrosigma";"Ochrophyta";"Khakista";NA;"Bacillariophyceae";"Bacillariophycidae";"Naviculales";"Pleurosigmataceae";"Gyrosigma"
"Plagiogrammopsis";"Ochrophyta";"Khakista";NA;"Bacillariophyceae";"Coscinodiscophycidae";"Cymatosirales";"Cymatosiraceae";"Plagiogrammopsis"
"Bacillaria";"Ochrophyta";"Khakista";NA;"Bacillariophyceae";"Bacillariophycidae";"Bacillariales";"Bacillariaceae";"Bacillaria"
"Attheya armata";"Ochrophyta";"Khakista";NA;"Bacillariophyceae";"Coscinodiscophycidae";"Chaetocerotanae incertae sedis";"Attheyaceae";"Attheya"
"Chaetoceros densus";"Ochrophyta";"Khakista";NA;"Bacillariophyceae";"Coscinodiscophycidae";"Chaetocerotanae incertae sedis";"Chaetocerotaceae";"Chaetoceros"
"Heterosigma";"Ochrophyta";"Phaeista";"Monista";"Raphidophyceae";NA;"Chattonellales";"Chattonellaceae";"Heterosigma"
"Pediastrum";"Chlorophyta";NA;NA;"Chlorophyceae";NA;"Sphaeropleales";"Hydrodictyaceae";"Pediastrum"
"Neocalyptrella robusta";"Ochrophyta";"Khakista";NA;"Bacillariophyceae";"Coscinodiscophycidae";"Rhizosoleniales";"Rhizosoleniaceae";"Neocalyptrella"
"Dinophysis sacculus";"Myzozoa";"Dinozoa";"Dinoflagellata";"Dinophyceae";NA;"Dinophysiales";"Dinophysiaceae";"Dinophysis"
"Dictyocha speculum";"Ochrophyta";"Phaeista";"Monista";"Dictyochophyceae";NA;"Dictyochales";"Dictyochaceae";"Dictyocha"
"Pseudo-nitzschia, groupe des larges asymétriques (australis + seriata + subpacifica)";"Ochrophyta";"Khakista";NA;"Bacillariophyceae";"Bacillariophycidae";"Bacillariales";"Bacillariaceae";"Pseudo-nitzschia"
"Heterocapsa rotundata";"Myzozoa";"Dinozoa";"Dinoflagellata";"Dinophyceae";NA;"Peridiniales";"Peridiniida incertae sedis";"Heterocapsa"
"Chaetoceros rostratus";"Ochrophyta";"Khakista";NA;"Bacillariophyceae";"Coscinodiscophycidae";"Chaetocerotanae incertae sedis";"Chaetocerotaceae";"Chaetoceros"
"Pseudo-nitzschia americana";"Ochrophyta";"Khakista";NA;"Bacillariophyceae";"Bacillariophycidae";"Bacillariales";"Bacillariaceae";"Pseudo-nitzschia"
"Pseudo-nitzschia, groupe des larges symétriques (fraudulenta)";"Ochrophyta";"Khakista";NA;"Bacillariophyceae";"Bacillariophycidae";"Bacillariales";"Bacillariaceae";"Pseudo-nitzschia"
"Rhizosolenia setigera f. pungens";"Ochrophyta";"Khakista";NA;"Bacillariophyceae";"Coscinodiscophycidae";"Rhizosoleniales";"Rhizosoleniaceae";"Rhizosolenia"
"Actinoptychus senarius";"Ochrophyta";"Khakista";NA;"Bacillariophyceae";"Coscinodiscophycidae";"Coscinodiscales";"Heliopeltaceae";"Actinoptychus"
"Triceratium";"Ochrophyta";"Khakista";NA;"Bacillariophyceae";"Coscinodiscophycidae";"Triceratiales";"Triceratiaceae";"Triceratium"
"Archaeperidinium minutum";"Myzozoa";"Dinozoa";"Dinoflagellata";"Dinophyceae";NA;"Peridiniales";"Peridiniida incertae sedis";"Archaeperidinium"
"Noctilucales";"Myzozoa";"Dinozoa";"Dinoflagellata";"Dinophyceae";NA;"Noctilucales";NA;NA
"Protoceratium";"Myzozoa";"Dinozoa";"Dinoflagellata";"Dinophyceae";NA;"Gonyaulacales";"Gonyaulacaceae";"Protoceratium"
"Pseudo-nitzschia pungens";"Ochrophyta";"Khakista";NA;"Bacillariophyceae";"Bacillariophycidae";"Bacillariales";"Bacillariaceae";"Pseudo-nitzschia"
"Prorocentrum balticum + cordatum";"Myzozoa";"Dinozoa";"Dinoflagellata";"Dinophyceae";NA;"Prorocentrales";"Prorocentraceae";"Prorocentrum"
"Actinoptychus senarius + campanulifer";"Ochrophyta";"Khakista";NA;"Bacillariophyceae";"Coscinodiscophycidae";"Coscinodiscales";"Heliopeltaceae";"Actinoptychus"
"Protoperidinium depressum";"Myzozoa";"Dinozoa";"Dinoflagellata";"Dinophyceae";NA;"Peridiniales";"Protoperidiniaceae";"Protoperidinium"
"Spatulodinium pseudonoctiluca";"Myzozoa";"Dinozoa";"Dinoflagellata";"Dinophyceae";NA;"Noctilucales";"Kofoidiniaceae";"Spatulodinium"
"Noctilucaceae";"Myzozoa";"Dinozoa";"Dinoflagellata";"Dinophyceae";NA;"Noctilucales";"Noctilucaceae";NA
"Polykrikos schwarzii";"Myzozoa";"Dinozoa";"Dinoflagellata";"Dinophyceae";NA;"Gymnodiniales";"Polykrikaceae";"Polykrikos"
"Meuniera";"Ochrophyta";"Khakista";NA;"Bacillariophyceae";"Bacillariophycidae";"Naviculales";"Naviculaceae";"Meuniera"
"Gymnodiniaceae";"Myzozoa";"Dinozoa";"Dinoflagellata";"Dinophyceae";NA;"Gymnodiniales";"Gymnodiniaceae";NA
"Brockmanniella";"Ochrophyta";"Khakista";NA;"Bacillariophyceae";"Coscinodiscophycidae";"Cymatosirales";"Cymatosiraceae";"Brockmanniella"
"Karenia mikimotoi";"Myzozoa";"Dinozoa";"Dinoflagellata";"Dinophyceae";NA;"Gymnodiniales";"Kareniaceae";"Karenia"
"Warnowia + Nematodinium + Nematopsides";"Myzozoa";"Dinozoa";"Dinoflagellata";"Dinophyceae";NA;"Gymnodiniales";"Warnowiaceae";"Warnowia+Nematodinium+Nematopsides"
"Thalassionema + Thalassiothrix + Lioloma";"Ochrophyta";"Khakista";NA;"Bacillariophyceae";"Fragilariophycidae";"Thalassionematales";"Thalassionemataceae";"Thalassionema+Thalassiothrix+Lioloma"
"Pseudo-nitzschia, complexe americana (americana + brasiliana)";"Ochrophyta";"Khakista";NA;"Bacillariophyceae";"Bacillariophycidae";"Bacillariales";"Bacillariaceae";"Pseudo-nitzschia"
"Choanofila";"Choanozoa";"Choanofila";NA;NA;NA;NA;NA;NA
"Karlodinium veneficum";"Myzozoa";"Dinozoa";"Dinoflagellata";"Dinophyceae";NA;"Gymnodiniales";"Kareniaceae";"Karlodinium"
"Euglenaceae";"Euglenozoa";NA;NA;"Euglenoidea";"Euglenia";"Euglenida";"Euglenaceae";NA
"Navicula pelagica";"Ochrophyta";"Khakista";NA;"Bacillariophyceae";"Bacillariophycidae";"Naviculales";"Naviculaceae";"Navicula"
"Ebria tripartita";"Kingdom_protista";NA;NA;NA;NA;NA;NA;NA
"Actinoptychus";"Ochrophyta";"Khakista";NA;"Bacillariophyceae";"Coscinodiscophycidae";"Coscinodiscales";"Heliopeltaceae";"Actinoptychus"
"Chattonella";"Ochrophyta";"Phaeista";"Monista";"Raphidophyceae";NA;"Chattonellales";"Chattonellaceae";"Chattonella"
"Ankistrodesmus";"Chlorophyta";NA;NA;"Chlorophyceae";NA;"Sphaeropleales";"Selenastraceae";"Ankistrodesmus"
"Micracanthodinium";"Myzozoa";"Dinozoa";"Dinoflagellata";"Dinophyceae";NA;"Gonyaulacales";"Cladopyxidaceae";"Micracanthodinium"
"Peridinium";"Myzozoa";"Dinozoa";"Dinoflagellata";"Dinophyceae";NA;"Peridiniales";"Peridiniaceae";"Peridinium"
"Podosira";"Ochrophyta";"Khakista";NA;"Bacillariophyceae";"Coscinodiscophycidae";"Melosirales";"Hyalodiscaceae";"Podosira"
"Chaetoceros densus + castracanei";"Ochrophyta";"Khakista";NA;"Bacillariophyceae";"Coscinodiscophycidae";"Chaetocerotanae incertae sedis";"Chaetocerotaceae";"Chaetoceros"
"Lauderia";"Ochrophyta";"Khakista";NA;"Bacillariophyceae";"Coscinodiscophycidae";"Thalassiosirales";"Lauderiaceae";"Lauderia"
"Amphidomataceae";"Myzozoa";"Dinozoa";"Dinoflagellata";"Dinophyceae";NA;"Dinophyceae incertae sedis";"Amphidomataceae";NA
"Plagiogrammopsis vanheurckii";"Ochrophyta";"Khakista";NA;"Bacillariophyceae";"Coscinodiscophycidae";"Cymatosirales";"Cymatosiraceae";"Plagiogrammopsis"
"Noctiluca";"Myzozoa";"Dinozoa";"Dinoflagellata";"Dinophyceae";NA;"Noctilucales";"Noctilucaceae";"Noctiluca"
"Coscinodiscus radiatus + marginatus";"Ochrophyta";"Khakista";NA;"Bacillariophyceae";"Coscinodiscophycidae";"Coscinodiscales";"Coscinodiscaceae";"Coscinodiscus"
"Detonula";"Ochrophyta";"Khakista";NA;"Bacillariophyceae";"Coscinodiscophycidae";"Thalassiosirales";"Skeletonemaceae";"Detonula"
"Lingulodinium";"Myzozoa";"Dinozoa";"Dinoflagellata";"Dinophyceae";NA;"Gonyaulacales";"Gonyaulacaceae";"Lingulodinium"
"Cyclotella";"Ochrophyta";"Khakista";NA;"Bacillariophyceae";"Coscinodiscophycidae";"Thalassiosirales";"Stephanodiscaceae";"Cyclotella"
"Oxyrrhis marina";"Myzozoa";"Dinozoa";"Dinoflagellata";"Dinophyceae";NA;"Oxyrrhinales";"Oxyrrhinaceae";"Oxyrrhis"
"Kryptoperidinium foliaceum";"Myzozoa";"Dinozoa";"Dinoflagellata";"Dinophyceae";NA;"Peridiniales";"Peridiniaceae";"Kryptoperidinium"
"Rhabdonema";"Ochrophyta";"Khakista";NA;"Bacillariophyceae";"Fragilariophycidae";"Rhabdonematales";"Rhabdonemataceae";"Rhabdonema"
"Protoperidinium steinii + pyriforme";"Myzozoa";"Dinozoa";"Dinoflagellata";"Dinophyceae";NA;"Peridiniales";"Protoperidiniaceae";"Protoperidinium"
"Aulacodiscus";"Ochrophyta";"Khakista";NA;"Bacillariophyceae";"Coscinodiscophycidae";"Coscinodiscales";"Aulacodiscaceae";"Aulacodiscus"
"Hemiaulus";"Ochrophyta";"Khakista";NA;"Bacillariophyceae";"Coscinodiscophycidae";"Hemiaulales";"Hemiaulaceae";"Hemiaulus"
"Phytoflagellés excepté dinoflagellés";NA;NA;NA;NA;NA;NA;NA;NA
"Thalassiosiraceae";"Ochrophyta";"Khakista";NA;"Bacillariophyceae";"Coscinodiscophycidae";"Thalassiosirales";"Thalassiosiraceae";NA
"Fragilidium";"Myzozoa";"Dinozoa";"Dinoflagellata";"Dinophyceae";NA;"Gonyaulacales";"Pyrophacaceae";"Fragilidium"
"Lauderia annulata";"Ochrophyta";"Khakista";NA;"Bacillariophyceae";"Coscinodiscophycidae";"Thalassiosirales";"Lauderiaceae";"Lauderia"
"Thalassiosira punctigera";"Ochrophyta";"Khakista";NA;"Bacillariophyceae";"Coscinodiscophycidae";"Thalassiosirales";"Thalassiosiraceae";"Thalassiosira"
"Dinobryon";"Ochrophyta";"Phaeista";"Limnista";"Chrysophyceae";NA;"Chromulinales";"Dinobryaceae";"Dinobryon"
"Katodinium glaucum";"Myzozoa";"Dinozoa";"Dinoflagellata";"Dinophyceae";NA;"Gymnodiniales";"Gymnodiniaceae";"Katodinium"
"Navicula gregaria + cryptocephala";"Ochrophyta";"Khakista";NA;"Bacillariophyceae";"Bacillariophycidae";"Naviculales";"Naviculaceae";"Navicula"
"Pedinellales";"Ochrophyta";"Phaeista";"Monista";"Dictyochophyceae";"Alophycidae";"Pedinellales";NA;NA
"Haptolina hirta + ericina + Chrysochromulina spinifera";"Haptophyta";NA;NA;"Prymnesiophyceae";NA;"Prymnesiales";"Prymnesiaceae+Chrysochromulinaceae";"Haptolina+Chrysochromulina"
"Chaetoceros fragilis + wighamii";"Ochrophyta";"Khakista";NA;"Bacillariophyceae";"Coscinodiscophycidae";"Chaetocerotanae incertae sedis";"Chaetocerotaceae";"Chaetoceros"
"Pseudo-nitzschia fraudulenta";"Ochrophyta";"Khakista";NA;"Bacillariophyceae";"Bacillariophycidae";"Bacillariales";"Bacillariaceae";"Pseudo-nitzschia"
"Cylindrotheca";"Ochrophyta";"Khakista";NA;"Bacillariophyceae";"Bacillariophycidae";"Bacillariales";"Bacillariaceae";"Cylindrotheca"
"Coccolithus";"Haptophyta";NA;NA;"Prymnesiophyceae";NA;"Coccolithales";"Coccolithaceae";"Coccolithus"
"Navicula gregaria";"Ochrophyta";"Khakista";NA;"Bacillariophyceae";"Bacillariophycidae";"Naviculales";"Naviculaceae";"Navicula"
"Apedinella radians";"Ochrophyta";"Phaeista";"Monista";"Dictyochophyceae";"Alophycidae";"Pedinellales";"Pedinellaceae";"Apedinella"
"Eutreptiaceae";"Euglenozoa";NA;NA;"Euglenoidea";"Euglenia";"Eutreptiida";"Eutreptiaceae";NA
"Gymnodinium + Gyrodinium";"Myzozoa";"Dinozoa";"Dinoflagellata";"Dinophyceae";NA;"Gymnodiniales";"Gymnodiniaceae";"Gymnodinium+Gyrodinium"
"Asterionella";"Ochrophyta";"Khakista";NA;"Bacillariophyceae";"Fragilariophycidae";"Fragilariales";"Fragilariaceae";"Asterionella"
"Paralia";"Ochrophyta";"Khakista";NA;"Bacillariophyceae";"Coscinodiscophycidae";"Paraliales";"Paraliaceae";"Paralia"
"Lepidodinium chlorophorum";"Myzozoa";"Dinozoa";"Dinoflagellata";"Dinophyceae";NA;"Gymnodiniales";"Gymnodiniaceae";"Lepidodinium"
"Hantzschia";"Ochrophyta";"Khakista";NA;"Bacillariophyceae";"Bacillariophycidae";"Bacillariales";"Bacillariaceae";"Hantzschia"
"Eutreptiida";"Euglenozoa";NA;NA;"Euglenoidea";"Euglenia";"Eutreptiida";NA;NA
"Protoperidinium punctulatum";"Myzozoa";"Dinozoa";"Dinoflagellata";"Dinophyceae";NA;"Peridiniales";"Protoperidiniaceae";"Protoperidinium"
"Karenia brevis + papilionacea";"Myzozoa";"Dinozoa";"Dinoflagellata";"Dinophyceae";NA;"Gymnodiniales";"Kareniaceae";"Karenia"
"Neoceratium lineatum + minutum";"Myzozoa";"Dinozoa";"Dinoflagellata";"Dinophyceae";NA;"Gonyaulacales";"Ceratiaceae";"Neoceratium"
"Alexandrium tamarense + catenella + tamutum";"Myzozoa";"Dinozoa";"Dinoflagellata";"Dinophyceae";NA;"Gonyaulacales";"Gonyaulacaceae";"Alexandrium"
"Leptocylindraceae";"Ochrophyta";"Khakista";NA;"Bacillariophyceae";"Coscinodiscophycidae";"Leptocylindrales";"Leptocylindraceae";NA
"Oblea";"Myzozoa";"Dinozoa";"Dinoflagellata";"Dinophyceae";NA;"Peridiniales";"Protoperidiniaceae";"Oblea"
"Peridiniaceae";"Myzozoa";"Dinozoa";"Dinoflagellata";"Dinophyceae";NA;"Peridiniales";"Peridiniaceae";NA
"Prymnesiales";"Haptophyta";NA;NA;"Prymnesiophyceae";NA;"Prymnesiales";NA;NA
"Amylax triacantha + buxus";"Myzozoa";"Dinozoa";"Dinoflagellata";"Dinophyceae";NA;"Gonyaulacales";"Gonyaulacaceae";"Amylax"
"Thalassiosira gravida";"Ochrophyta";"Khakista";NA;"Bacillariophyceae";"Coscinodiscophycidae";"Thalassiosirales";"Thalassiosiraceae";"Thalassiosira"
"Thalassiosira anguste-lineata";"Ochrophyta";"Khakista";NA;"Bacillariophyceae";"Coscinodiscophycidae";"Thalassiosirales";"Thalassiosiraceae";"Thalassiosira"
"Triceratiaceae";"Ochrophyta";"Khakista";NA;"Bacillariophyceae";"Coscinodiscophycidae";"Triceratiales";"Triceratiaceae";NA
"Coscinodiscus wailesii";"Ochrophyta";"Khakista";NA;"Bacillariophyceae";"Coscinodiscophycidae";"Coscinodiscales";"Coscinodiscaceae";"Coscinodiscus"
"Amphidoma";"Myzozoa";"Dinozoa";"Dinoflagellata";"Dinophyceae";NA;"Dinophyceae incertae sedis";"Amphidomataceae";"Amphidoma"
"Thalassiosira subtilis";"Ochrophyta";"Khakista";NA;"Bacillariophyceae";"Coscinodiscophycidae";"Thalassiosirales";"Thalassiosiraceae";"Thalassiosira"
"Podosira stelligera";"Ochrophyta";"Khakista";NA;"Bacillariophyceae";"Coscinodiscophycidae";"Melosirales";"Hyalodiscaceae";"Podosira"
"Amphidinium carterae + operculatum";"Myzozoa";"Dinozoa";"Dinoflagellata";"Dinophyceae";NA;"Gymnodiniales";"Gymnodiniaceae";"Amphidinium"
"Protoceratium reticulatum";"Myzozoa";"Dinozoa";"Dinoflagellata";"Dinophyceae";NA;"Gonyaulacales";"Gonyaulacaceae";"Protoceratium"
"Pseudo-nitzschia australis";"Ochrophyta";"Khakista";NA;"Bacillariophyceae";"Bacillariophycidae";"Bacillariales";"Bacillariaceae";"Pseudo-nitzschia"
"Fibrocapsa japonica";"Ochrophyta";"Phaeista";"Monista";"Raphidophyceae";NA;"Chattonellales";"Chattonellaceae";"Fibrocapsa"
"Pronoctiluca";"Myzozoa";"Dinozoa";"Dinoflagellata";"Dinophyceae";NA;"Noctilucales";"Protodiniferaceae";"Pronoctiluca"
"Gonyaulacaceae";"Myzozoa";"Dinozoa";"Dinoflagellata";"Dinophyceae";NA;"Gonyaulacales";"Gonyaulacaceae";NA
"Pseudo-nitzschia subpacifica";"Ochrophyta";"Khakista";NA;"Bacillariophyceae";"Bacillariophycidae";"Bacillariales";"Bacillariaceae";"Pseudo-nitzschia"
"Tripos muelleri";"Myzozoa";"Dinozoa";"Dinoflagellata";"Dinophyceae";NA;"Gonyaulacales";"Ceratiaceae";"Tripos"
"Ebria";"Kingdom_protista";NA;NA;NA;NA;NA;NA;NA
"Amylax triacantha";"Myzozoa";"Dinozoa";"Dinoflagellata";"Dinophyceae";NA;"Gonyaulacales";"Gonyaulacaceae";"Amylax"
"Oxytoxum + Corythodinium";"Myzozoa";"Dinozoa";"Dinoflagellata";"Dinophyceae";NA;"Peridiniales";"Oxytoxaceae";"Oxytoxum+Corythodinium"
"Dinophysis acuta";"Myzozoa";"Dinozoa";"Dinoflagellata";"Dinophyceae";NA;"Dinophysiales";"Dinophysiaceae";"Dinophysis"
"Peridiniella";"Myzozoa";"Dinozoa";"Dinoflagellata";"Dinophyceae";NA;"Gonyaulacales";"Cladopyxidaceae";"Peridiniella"
"Amphidiniopsis";"Myzozoa";"Dinozoa";"Dinoflagellata";"Dinophyceae";NA;"Peridiniales";"Oxytoxaceae";"Amphidiniopsis"
"Pseudo-nitzschia multistriata";"Ochrophyta";"Khakista";NA;"Bacillariophyceae";"Bacillariophycidae";"Bacillariales";"Bacillariaceae";"Pseudo-nitzschia"
"Detonula pumila";"Ochrophyta";"Khakista";NA;"Bacillariophyceae";"Coscinodiscophycidae";"Thalassiosirales";"Skeletonemaceae";"Detonula"
"Chaetoceros protuberans";"Ochrophyta";"Khakista";NA;"Bacillariophyceae";"Coscinodiscophycidae";"Chaetocerotanae incertae sedis";"Chaetocerotaceae";"Chaetoceros"
"Azadinium caudatum";"Myzozoa";"Dinozoa";"Dinoflagellata";"Dinophyceae";NA;"Dinophyceae incertae sedis";"Amphidomataceae";"Azadinium"
"Plagiolemma sp. nov.";"Ochrophyta";"Khakista";NA;"Bacillariophyceae";"Bacillariophycidae";"Naviculales";"Plagiotropidaceae";"Plagiolemma"
"Amylax";"Myzozoa";"Dinozoa";"Dinoflagellata";"Dinophyceae";NA;"Gonyaulacales";"Gonyaulacaceae";"Amylax"
"Prymnesiaceae";"Haptophyta";NA;NA;"Prymnesiophyceae";NA;"Prymnesiales";"Prymnesiaceae";NA
"Chaetoceros diadema";"Ochrophyta";"Khakista";NA;"Bacillariophyceae";"Coscinodiscophycidae";"Chaetocerotanae incertae sedis";"Chaetocerotaceae";"Chaetoceros"
"Gymnodinium impudicum";"Myzozoa";"Dinozoa";"Dinoflagellata";"Dinophyceae";NA;"Gymnodiniales";"Gymnodiniaceae";"Gymnodinium"
"Adenoides";"Myzozoa";"Dinozoa";"Dinoflagellata";"Dinophyceae";NA;"Peridiniales";"Peridiniida incertae sedis";"Adenoides"
"Karenia papilionacea";"Myzozoa";"Dinozoa";"Dinoflagellata";"Dinophyceae";NA;"Gymnodiniales";"Kareniaceae";"Karenia"
"Pseliodinium";"Myzozoa";"Dinozoa";"Dinoflagellata";"Dinoflagellata incertae sedis";NA;NA;NA;"Pseliodinium"
"Closterium";NA;NA;NA;NA;NA;NA;NA;NA
"Dinophysis norvegica";"Myzozoa";"Dinozoa";"Dinoflagellata";"Dinophyceae";NA;"Dinophysiales";"Dinophysiaceae";"Dinophysis"
"Mesoporos";"Myzozoa";"Dinozoa";"Dinoflagellata";"Dinophyceae";NA;"Prorocentrales";"Prorocentraceae";"Mesoporos"
"Alexandrium margalefii";"Myzozoa";"Dinozoa";"Dinoflagellata";"Dinophyceae";NA;"Gonyaulacales";"Gonyaulacaceae";"Alexandrium"
"Alexandrium pseudogonyaulax";"Myzozoa";"Dinozoa";"Dinoflagellata";"Dinophyceae";NA;"Gonyaulacales";"Gonyaulacaceae";"Alexandrium"
"Pseudopedinella";"Ochrophyta";"Phaeista";"Monista";"Dictyochophyceae";"Alophycidae";"Pedinellales";"Pedinellaceae";"Pseudopedinella"
"Oxytoxaceae";"Myzozoa";"Dinozoa";"Dinoflagellata";"Dinophyceae";NA;"Peridiniales";"Oxytoxaceae";NA
"Biddulphiaceae";"Ochrophyta";"Khakista";NA;"Bacillariophyceae";"Coscinodiscophycidae";"Biddulphiales";"Biddulphiaceae";NA
"Pachysphaera + Pterosperma";"Chlorophyta";NA;NA;"Chlorodendrophyceae+Prasinophyceae";NA;"Chlorodendrales+Halosphaerales";"Halosphaeraceae+Pterospermataceae";"Pachysphaera+Pterosperma"
"Staurastrum";NA;NA;NA;NA;NA;NA;NA;NA
"Alexandrium andersonii";"Myzozoa";"Dinozoa";"Dinoflagellata";"Dinophyceae";NA;"Gonyaulacales";"Gonyaulacaceae";"Alexandrium"
"Merismopedia";"Cyanobacteria";NA;NA;"Cyanophyceae";"Synechococcophycideae";"Synechococcales";"Merismopediaceae";"Merismopedia"
"Protoperidinium diabolum + longipes";"Myzozoa";"Dinozoa";"Dinoflagellata";"Dinophyceae";NA;"Peridiniales";"Protoperidiniaceae";"Protoperidinium"
"Ceratium tripos + Ceratium à cornes recourbées";"Myzozoa";"Dinozoa";"Dinoflagellata";"Dinophyceae";NA;"Gonyaulacales";"Ceratiaceae";"Ceratium"
"Alexandrium leei";"Myzozoa";"Dinozoa";"Dinoflagellata";"Dinophyceae";NA;"Gonyaulacales";"Gonyaulacaceae";"Alexandrium"
"Melosiraceae";"Ochrophyta";"Khakista";NA;"Bacillariophyceae";"Coscinodiscophycidae";"Melosirales";"Melosiraceae";NA
"Toxonidea";"Ochrophyta";"Khakista";NA;"Bacillariophyceae";"Bacillariophycidae";"Naviculales";"Pleurosigmataceae";"Toxonidea"
"Alexandrium affine";"Myzozoa";"Dinozoa";"Dinoflagellata";"Dinophyceae";NA;"Gonyaulacales";"Gonyaulacaceae";"Alexandrium"
"Dinophysis tripos";"Myzozoa";"Dinozoa";"Dinoflagellata";"Dinophyceae";NA;"Dinophysiales";"Dinophysiaceae";"Dinophysis"
"Metaphalacroma";"Myzozoa";"Dinozoa";"Dinoflagellata";"Dinophyceae";NA;"Dinophysiales";"Dinophysiaceae";"Metaphalacroma"
"Halosphaera";"Chlorophyta";NA;NA;"Pyramimonadophyceae";NA;"Pyramimonadales";"Pyramimonadaceae";"Halosphaera"
"Protoperidinium pentagonum + latissimum";"Myzozoa";"Dinozoa";"Dinoflagellata";"Dinophyceae";NA;"Peridiniales";"Protoperidiniaceae";"Protoperidinium"
"Sinophysis";"Myzozoa";"Dinozoa";"Dinoflagellata";"Dinophyceae";NA;"Dinophysiales";"Dinophysiaceae";"Sinophysis"
"Fibrocapsa";"Ochrophyta";"Phaeista";"Monista";"Raphidophyceae";NA;"Chattonellales";"Chattonellaceae";"Fibrocapsa"
"Attheya";"Ochrophyta";"Khakista";NA;"Bacillariophyceae";"Coscinodiscophycidae";"Chaetocerotanae incertae sedis";"Attheyaceae";"Attheya"
"Proboscia";"Ochrophyta";"Khakista";NA;"Bacillariophyceae";"Coscinodiscophycidae";"Rhizosoleniales";"Rhizosoleniaceae";"Proboscia"
"Spatulodinium";"Myzozoa";"Dinozoa";"Dinoflagellata";"Dinophyceae";NA;"Noctilucales";"Kofoidiniaceae";"Spatulodinium"
"Pyramimonas longicauda";"Chlorophyta";NA;NA;"Pyramimonadophyceae";NA;"Pyramimonadales";"Pyramimonadaceae";"Pyramimonas"
"Gonyaulax verior";"Myzozoa";"Dinozoa";"Dinoflagellata";"Dinophyceae";NA;"Gonyaulacales";"Gonyaulacaceae";"Gonyaulax"
"Diatoma";"Ochrophyta";"Khakista";NA;"Bacillariophyceae";"Fragilariophycidae";"Fragilariales";"Fragilariaceae";"Diatoma"
"Coscinodiscus granii";"Ochrophyta";"Khakista";NA;"Bacillariophyceae";"Coscinodiscophycidae";"Coscinodiscales";"Coscinodiscaceae";"Coscinodiscus"
"Goniodoma polyedricum";"Myzozoa";"Dinozoa";"Dinoflagellata";"Dinophyceae";NA;"Gonyaulacales";"Goniodomataceae";"Goniodoma"
"Dinophysiaceae";"Myzozoa";"Dinozoa";"Dinoflagellata";"Dinophyceae";NA;"Dinophysiales";"Dinophysiaceae";NA
"Protoperidinium divergens";"Myzozoa";"Dinozoa";"Dinoflagellata";"Dinophyceae";NA;"Peridiniales";"Protoperidiniaceae";"Protoperidinium"
"Alexandrium tamutum";"Myzozoa";"Dinozoa";"Dinoflagellata";"Dinophyceae";NA;"Gonyaulacales";"Gonyaulacaceae";"Alexandrium"
"Warnowiaceae";"Myzozoa";"Dinozoa";"Dinoflagellata";"Dinophyceae";NA;"Gymnodiniales";"Warnowiaceae";NA
"Ditylum sol";"Ochrophyta";"Khakista";NA;"Bacillariophyceae";"Coscinodiscophycidae";"Lithodesmiales";"Lithodesmiaceae";"Ditylum"
"Goniodoma";"Myzozoa";"Dinozoa";"Dinoflagellata";"Dinophyceae";NA;"Gonyaulacales";"Goniodomataceae";"Goniodoma"
"Triadinium";"Myzozoa";"Dinozoa";"Dinoflagellata";"Dinophyceae";NA;"Gonyaulacales";"Goniodomataceae";"Triadinium"
"Cryptomonadales";"Cryptophyta";NA;NA;"Cryptophyceae";NA;"Cryptomonadales";NA;NA
"Dinophysiales";"Myzozoa";"Dinozoa";"Dinoflagellata";"Dinophyceae";NA;"Dinophysiales";NA;NA
"Chaetocerotaceae";"Ochrophyta";"Khakista";NA;"Bacillariophyceae";"Coscinodiscophycidae";"Chaetocerotanae incertae sedis";"Chaetocerotaceae";NA
"Gymnodinium catenatum";"Myzozoa";"Dinozoa";"Dinoflagellata";"Dinophyceae";NA;"Gymnodiniales";"Gymnodiniaceae";"Gymnodinium"
"Entomoneidaceae";"Ochrophyta";"Khakista";NA;"Bacillariophyceae";"Bacillariophycidae";"Surirellales";"Entomoneidaceae";NA
"Surirellaceae";"Ochrophyta";"Khakista";NA;"Bacillariophyceae";"Bacillariophycidae";"Surirellales";"Surirellaceae";NA
"Plagiotropidaceae";"Ochrophyta";"Khakista";NA;"Bacillariophyceae";"Bacillariophycidae";"Naviculales";"Plagiotropidaceae";NA
"Selenastrum";"Chlorophyta";NA;NA;"Chlorophyceae";NA;"Sphaeropleales";"Selenastraceae";"Selenastrum"
"Lithodesmiaceae";"Ochrophyta";"Khakista";NA;"Bacillariophyceae";"Coscinodiscophycidae";"Lithodesmiales";"Lithodesmiaceae";NA
"Akashiwo";"Myzozoa";"Dinozoa";"Dinoflagellata";"Dinophyceae";NA;"Gymnodiniales";"Gymnodiniaceae";"Akashiwo"
"Pyrophacaceae";"Myzozoa";"Dinozoa";"Dinoflagellata";"Dinophyceae";NA;"Gonyaulacales";"Pyrophacaceae";NA
"Pseudo-nitzschia pseudodelicatissima";"Ochrophyta";"Khakista";NA;"Bacillariophyceae";"Bacillariophycidae";"Bacillariales";"Bacillariaceae";"Pseudo-nitzschia"
"Tintinnidae";"Ciliophora";"Intramacronucleata";NA;"Oligotrichea";"Oligotrichia";"Choreotrichida";"Tintinnidae";NA
"Amphiprora";"Ochrophyta";"Khakista";NA;"Bacillariophyceae";"Bacillariophycidae";"Naviculales";"Amphipleuraceae";"Amphiprora"
"Thalassiosira minima";"Ochrophyta";"Khakista";NA;"Bacillariophyceae";"Coscinodiscophycidae";"Thalassiosirales";"Thalassiosiraceae";"Thalassiosira"
"Gomphonema + Gomphoneis";"Ochrophyta";"Khakista";NA;"Bacillariophyceae";"Bacillariophyceae incertae sedis+Bacillariophycidae";"Cymbellales";"Gomphonemataceae";"Gomphonema+Gomphoneis"
"Dinophyceae";"Myzozoa";"Dinozoa";"Dinoflagellata";"Dinophyceae";NA;NA;NA;NA
"Oxyrrhis";"Myzozoa";"Dinozoa";"Dinoflagellata";"Dinophyceae";NA;"Oxyrrhinales";"Oxyrrhinaceae";"Oxyrrhis"
"Prorocentrales";"Myzozoa";"Dinozoa";"Dinoflagellata";"Dinophyceae";NA;"Prorocentrales";NA;NA
"Cymatosiraceae";"Ochrophyta";"Khakista";NA;"Bacillariophyceae";"Coscinodiscophycidae";"Cymatosirales";"Cymatosiraceae";NA
"Gyrosigma fasciola";"Ochrophyta";"Khakista";NA;"Bacillariophyceae";"Bacillariophycidae";"Naviculales";"Pleurosigmataceae";"Gyrosigma"
"Melosira nummuloides";"Ochrophyta";"Khakista";NA;"Bacillariophyceae";"Coscinodiscophycidae";"Melosirales";"Melosiraceae";"Melosira"
"Chromista";NA;NA;NA;NA;NA;NA;NA;NA
"Helicostomella";"Ciliophora";"Intramacronucleata";NA;"Oligotrichea";"Oligotrichia";"Choreotrichida";"Metacylididae";"Helicostomella"
"Ceratiaceae";"Myzozoa";"Dinozoa";"Dinoflagellata";"Dinophyceae";NA;"Gonyaulacales";"Ceratiaceae";NA
"Chaetoceros fragilis";"Ochrophyta";"Khakista";NA;"Bacillariophyceae";"Coscinodiscophycidae";"Chaetocerotanae incertae sedis";"Chaetocerotaceae";"Chaetoceros"
"Achnanthes brevipes";"Ochrophyta";"Khakista";NA;"Bacillariophyceae";"Bacillariophycidae";"Achnanthales";"Achnanthaceae";"Achnanthes"
"Tetraselmis + Prasinocladus";"Chlorophyta";NA;NA;"Chlorodendrophyceae";NA;"Chlorodendrales";"Chlorodendraceae";"Tetraselmis+Prasinocladus"
"Protoperidinium obtusum";"Myzozoa";"Dinozoa";"Dinoflagellata";"Dinophyceae";NA;"Peridiniales";"Protoperidiniaceae";"Protoperidinium"
"Coscinodiscus oculus-iridis";"Ochrophyta";"Khakista";NA;"Bacillariophyceae";"Coscinodiscophycidae";"Coscinodiscales";"Coscinodiscaceae";"Coscinodiscus"
"Coscinodiscaceae";"Ochrophyta";"Khakista";NA;"Bacillariophyceae";"Coscinodiscophycidae";"Coscinodiscales";"Coscinodiscaceae";NA
"Dictyochaceae";"Ochrophyta";"Phaeista";"Monista";"Dictyochophyceae";NA;"Dictyochales";"Dictyochaceae";NA
"Ensiculifera";"Myzozoa";"Dinozoa";"Dinoflagellata";"Dinophyceae";NA;"Peridiniales";"Peridiniaceae";"Ensiculifera"
"Plagiolemma";"Ochrophyta";"Khakista";NA;"Bacillariophyceae";"Bacillariophycidae";"Naviculales";"Plagiotropidaceae";"Plagiolemma"
"Haslea ostrearia";"Ochrophyta";"Khakista";NA;"Bacillariophyceae";"Bacillariophycidae";"Naviculales";"Naviculaceae";"Haslea"
"Laboea";"Ciliophora";"Intramacronucleata";NA;"Oligotrichea";"Oligotrichia";"Oligotrichida";"Tontoniidae";"Laboea"
"Trieres mobiliensis";"Ochrophyta";"Khakista";NA;"Bacillariophyceae";"Coscinodiscophycidae";"Triceratiales";"Triceratiaceae";"Trieres"
"Goniodomataceae";"Myzozoa";"Dinozoa";"Dinoflagellata";"Dinophyceae";NA;"Gonyaulacales";"Goniodomataceae";NA
"Alexandrium tamarense";"Myzozoa";"Dinozoa";"Dinoflagellata";"Dinophyceae";NA;"Gonyaulacales";"Gonyaulacaceae";"Alexandrium"
"Triceratium favus";"Ochrophyta";"Khakista";NA;"Bacillariophyceae";"Coscinodiscophycidae";"Triceratiales";"Triceratiaceae";"Triceratium"
"Coscinodiscus asteromphalus + oculus-iridis + perforatus";"Ochrophyta";"Khakista";NA;"Bacillariophyceae";"Coscinodiscophycidae";"Coscinodiscales";"Coscinodiscaceae";"Coscinodiscus"
"Achnanthaceae";"Ochrophyta";"Khakista";NA;"Bacillariophyceae";"Bacillariophycidae";"Achnanthales";"Achnanthaceae";NA
"Heliopeltaceae";"Ochrophyta";"Khakista";NA;"Bacillariophyceae";"Coscinodiscophycidae";"Coscinodiscales";"Heliopeltaceae";NA
"Microcystis";"Cyanobacteria";NA;NA;"Cyanophyceae";"Oscillatoriophycideae";"Chroococcales";"Microcystaceae";"Microcystis"
"Actinastrum";"Chlorophyta";NA;NA;"Trebouxiophyceae";NA;"Chlorellales";"Chlorellaceae";"Actinastrum"
"Chlorodendrales";"Chlorophyta";NA;NA;"Chlorodendrophyceae";NA;"Chlorodendrales";NA;NA
"Cymbellaceae";"Ochrophyta";"Khakista";NA;"Bacillariophyceae";"Bacillariophycidae";"Cymbellales";"Cymbellaceae";NA
"Prorocentraceae";"Myzozoa";"Dinozoa";"Dinoflagellata";"Dinophyceae";NA;"Prorocentrales";"Prorocentraceae";NA
"Crucigenia";"Chlorophyta";NA;NA;"Trebouxiophyceae";NA;"Trebouxiophyceae ordo incertae sedis";"Trebouxiophyceae incertae sedis";"Crucigenia"
"Lepidodinium";"Myzozoa";"Dinozoa";"Dinoflagellata";"Dinophyceae";NA;"Gymnodiniales";"Gymnodiniaceae";"Lepidodinium"
"Proboscia truncata";"Ochrophyta";"Khakista";NA;"Bacillariophyceae";"Coscinodiscophycidae";"Rhizosoleniales";"Rhizosoleniaceae";"Proboscia"
"Hermesinum";"Kingdom_protista";NA;NA;NA;NA;NA;NA;NA
"Tous Dinophysis ronds avec épithèque bien visible";"Myzozoa";"Dinozoa";"Dinoflagellata";"Dinophyceae";NA;"Dinophysiales";"Dinophysiaceae";"Dinophysis"
"Prorocentrum mexicanum + rhathymum";"Myzozoa";"Dinozoa";"Dinoflagellata";"Dinophyceae";NA;"Prorocentrales";"Prorocentraceae";"Prorocentrum"
"Polykrikaceae";"Myzozoa";"Dinozoa";"Dinoflagellata";"Dinophyceae";NA;"Gymnodiniales";"Polykrikaceae";NA
"Anabaena";"Cyanobacteria";NA;NA;"Cyanophyceae";"Nostocophycideae";"Nostocales";"Nostocaceae";"Anabaena"
"Cochlodinium polykrikoides";"Myzozoa";"Dinozoa";"Dinoflagellata";"Dinophyceae";NA;"Gymnodiniales";"Gymnodiniaceae";"Cochlodinium"
"Alexandrium catenella";"Myzozoa";"Dinozoa";"Dinoflagellata";"Dinophyceae";NA;"Gonyaulacales";"Gonyaulacaceae";"Alexandrium"
"Alexandrium insuetum";"Myzozoa";"Dinozoa";"Dinoflagellata";"Dinophyceae";NA;"Gonyaulacales";"Gonyaulacaceae";"Alexandrium"
"Ebriaceae";"Kingdom_protista";NA;NA;NA;NA;NA;NA;NA
"Schroederella";"Ochrophyta";"Khakista";NA;"Bacillariophyceae";"Coscinodiscophycidae";"Melosirales";"Melosiraceae";"Schroederella"
"Ophiaster";"Haptophyta";NA;NA;"Prymnesiophyceae";NA;"Syracosphaerales";"Syracosphaeraceae";"Ophiaster"
"Protoperidinium crassipes";"Myzozoa";"Dinozoa";"Dinoflagellata";"Dinophyceae";NA;"Peridiniales";"Protoperidiniaceae";"Protoperidinium"
"Cymbella";"Ochrophyta";"Khakista";NA;"Bacillariophyceae";"Bacillariophycidae";"Cymbellales";"Cymbellaceae";"Cymbella"
"Phalacroma rapa";"Myzozoa";"Dinozoa";"Dinoflagellata";"Dinophyceae";NA;"Dinophysiales";"Dinophysiaceae";"Phalacroma"
"Protoperidinium brevipes";"Myzozoa";"Dinozoa";"Dinoflagellata";"Dinophyceae";NA;"Peridiniales";"Protoperidiniaceae";"Protoperidinium"
"Ornithocercus";"Myzozoa";"Dinozoa";"Dinoflagellata";"Dinophyceae";NA;"Dinophysiales";"Dinophysiaceae";"Ornithocercus"
"Asterolampraceae";"Ochrophyta";"Khakista";NA;"Bacillariophyceae";"Coscinodiscophycidae";"Asterolamprales";"Asterolampraceae";NA
"Protoperidinium diabolum";"Myzozoa";"Dinozoa";"Dinoflagellata";"Dinophyceae";NA;"Peridiniales";"Protoperidiniaceae";"Protoperidinium"
"Tripos symmetricus";"Myzozoa";"Dinozoa";"Dinoflagellata";"Dinophyceae";NA;"Gonyaulacales";"Ceratiaceae";"Tripos"
"Desmodesmus communis";"Chlorophyta";NA;NA;"Chlorophyceae";NA;"Sphaeropleales";"Scenedesmaceae";"Desmodesmus"
