"Date";"ACH";"ALE";"AST";"BAC";"BID";"CEI";"CEN";"CER";"CHA";"COC";"COR";"COS";"CRY";"DAC";"DIC";"DIN";"DIP";"DIT";"EUC";"EUG";"GOI";"GON";"GRA";"GUI";"GYM";"HEL";"HEM";"HES";"HET";"KAR";"LAU";"LEP";"LIC";"LIT";"MEL";"MEU";"NAV";"NIT";"NOC";"ODO";"OXY";"PAR";"PEN";"PER";"PLE";"POL";"PRB";"PRO";"PRP";"PSE";"RHI";"SCR";"SKE";"STR";"THL";"THP";"TOR";"NEI"
"1992-01-07";NA;NA;10000;NA;100;NA;NA;NA;NA;NA;NA;100;NA;NA;400;0;NA;200;NA;NA;NA;NA;NA;400;200;NA;NA;NA;NA;NA;NA;NA;NA;NA;NA;200;100;NA;NA;100;NA;12200;800;NA;100;NA;NA;100;300;100;1600;NA;1300;NA;5400;1900;NA;2000
"1992-02-06";NA;NA;NA;NA;NA;NA;NA;NA;800;NA;NA;200;NA;NA;200;0;NA;100;NA;NA;NA;NA;NA;400;200;200;NA;NA;NA;NA;NA;NA;NA;NA;NA;NA;400;NA;NA;200;NA;7200;6500;NA;300;NA;NA;NA;NA;NA;700;NA;4500;NA;4000;6600;NA;5000
"1992-03-04";NA;NA;6800;NA;NA;NA;NA;2000;39000;NA;NA;NA;NA;NA;NA;0;NA;200;NA;NA;NA;NA;NA;4800;800;600;NA;NA;NA;NA;NA;NA;NA;NA;NA;NA;800;NA;NA;1600;NA;7000;6000;NA;NA;NA;NA;NA;NA;1000;2600;NA;NA;NA;2400;1200;NA;4000
"1992-03-17";NA;NA;NA;NA;NA;NA;NA;NA;479850;NA;NA;NA;NA;NA;NA;0;NA;100;NA;NA;NA;NA;NA;59950;1050;NA;NA;NA;NA;NA;NA;NA;NA;NA;NA;NA;13650;NA;NA;NA;NA;NA;21000;NA;NA;NA;NA;100;100;17850;3100;NA;NA;NA;NA;2200;NA;518650
"1992-05-05";NA;NA;NA;NA;NA;NA;NA;NA;19600;NA;NA;NA;NA;NA;NA;0;NA;NA;NA;NA;NA;NA;NA;28600;1400;NA;NA;NA;NA;NA;NA;NA;NA;NA;NA;1400;600;NA;NA;NA;NA;NA;NA;NA;NA;NA;NA;NA;NA;3800;1400;NA;NA;NA;NA;NA;NA;20200
"1992-05-18";NA;NA;NA;NA;NA;NA;NA;800;NA;NA;NA;NA;NA;NA;NA;0;NA;NA;NA;NA;NA;NA;NA;69800;2800;NA;NA;NA;NA;NA;NA;NA;NA;NA;NA;NA;NA;NA;NA;NA;NA;7000;NA;NA;NA;NA;NA;200;200;600;5000;NA;NA;NA;NA;NA;NA;1200
"1992-06-01";NA;NA;NA;NA;NA;NA;NA;100;NA;NA;NA;400;NA;NA;NA;0;NA;NA;NA;NA;NA;100;NA;34900;300;NA;NA;NA;NA;NA;NA;NA;NA;NA;NA;NA;100;700;NA;NA;NA;3500;NA;NA;NA;NA;NA;NA;200;NA;1100;NA;NA;NA;NA;NA;NA;100
"1992-08-11";NA;NA;NA;NA;200;NA;NA;NA;2500;NA;NA;600;NA;NA;NA;0;NA;NA;NA;NA;NA;NA;NA;90600;5250;NA;NA;NA;NA;NA;NA;NA;NA;NA;NA;NA;2100;NA;NA;NA;NA;NA;NA;NA;NA;NA;NA;3150;3150;36750;1050;NA;3150;NA;NA;700;NA;10800
"1992-10-19";NA;NA;NA;NA;NA;NA;NA;NA;1100;NA;NA;200;NA;NA;NA;0;NA;NA;NA;NA;NA;NA;NA;1600;NA;NA;NA;NA;NA;NA;400;NA;NA;NA;NA;NA;600;200;NA;600;NA;NA;NA;NA;NA;NA;NA;NA;NA;600;200;NA;NA;NA;NA;500;NA;800
"1992-11-30";NA;NA;4000;NA;NA;NA;NA;NA;200;NA;NA;NA;NA;NA;NA;0;NA;NA;NA;NA;NA;NA;NA;NA;NA;NA;NA;NA;NA;NA;NA;NA;NA;NA;NA;NA;100;1800;NA;NA;NA;8100;NA;NA;500;NA;NA;NA;NA;NA;300;NA;1900;NA;2500;NA;NA;900
"1992-12-09";NA;NA;900;NA;NA;NA;NA;NA;400;NA;NA;NA;NA;NA;1900;0;NA;100;NA;NA;NA;NA;NA;100;100;NA;NA;NA;NA;NA;900;NA;NA;NA;NA;NA;400;500;NA;NA;NA;3300;NA;NA;NA;NA;NA;NA;NA;NA;400;NA;1000;NA;2200;NA;NA;1700
"1993-01-27";NA;NA;NA;NA;NA;NA;NA;NA;12600;NA;NA;1050;NA;NA;6300;0;NA;2100;NA;NA;NA;NA;NA;4200;NA;NA;NA;NA;NA;NA;3150;NA;NA;NA;2100;NA;1050;7350;NA;NA;NA;69300;NA;NA;1050;NA;NA;NA;NA;6300;1050;NA;4200;NA;57750;31500;NA;3150
"1993-02-09";NA;NA;46200;NA;NA;NA;NA;NA;2100;NA;NA;1050;NA;NA;NA;0;NA;3150;NA;NA;NA;NA;NA;NA;1050;NA;NA;NA;NA;NA;3150;NA;NA;NA;NA;NA;4200;10500;NA;NA;NA;105000;NA;NA;NA;NA;NA;NA;NA;4200;4200;NA;4200;NA;135450;67200;NA;7350
"1993-03-24";NA;NA;330000;NA;NA;NA;NA;NA;NA;NA;NA;3750;NA;NA;NA;0;NA;2500;NA;NA;NA;NA;NA;NA;NA;NA;NA;NA;NA;NA;NA;NA;NA;NA;NA;NA;1250;56250;NA;NA;NA;2200;50000;NA;3000;NA;NA;NA;NA;NA;3750;NA;153750;NA;28750;195000;NA;15000
"1993-04-07";NA;NA;2700;NA;NA;NA;NA;NA;3400;NA;NA;100;NA;3750;100;0;NA;NA;NA;NA;NA;NA;NA;23750;NA;NA;NA;NA;NA;NA;NA;NA;NA;NA;NA;NA;NA;13750;NA;NA;NA;1400;NA;NA;NA;NA;NA;NA;NA;NA;3000;NA;5000;NA;3750;10000;NA;18000
"1993-04-16";NA;NA;3200;NA;NA;NA;NA;3750;4100;NA;NA;NA;NA;17500;NA;NA;NA;NA;8600;NA;NA;NA;NA;286350;NA;NA;NA;NA;NA;NA;1900;NA;NA;NA;NA;NA;NA;7500;NA;NA;NA;NA;NA;NA;NA;NA;NA;NA;NA;600;6550;NA;NA;NA;NA;2200;NA;4238750
"1993-05-10";NA;NA;NA;NA;NA;NA;NA;NA;NA;NA;NA;NA;NA;NA;NA;0;NA;NA;NA;NA;NA;NA;NA;337480;520;NA;NA;NA;NA;NA;NA;NA;NA;NA;NA;NA;NA;30160;NA;NA;NA;14630;NA;NA;520;NA;NA;NA;NA;NA;15670;NA;NA;NA;NA;NA;NA;193800
"1993-05-25";NA;NA;26520;NA;NA;NA;NA;4680;NA;NA;NA;NA;NA;NA;NA;0;NA;NA;69680;NA;NA;NA;NA;72280;4680;NA;NA;NA;NA;NA;16120;19760;NA;NA;NA;NA;520;10400;1560;NA;NA;NA;NA;NA;NA;NA;NA;NA;1560;2080;5720;NA;NA;NA;NA;NA;NA;10400
"1993-06-08";NA;NA;5200;NA;NA;NA;NA;NA;6760;NA;NA;NA;NA;NA;NA;0;NA;NA;4680;NA;NA;NA;NA;83720;3640;NA;NA;NA;NA;NA;NA;NA;NA;NA;NA;1040;NA;1560;NA;NA;NA;3640;NA;NA;NA;NA;NA;NA;NA;2080;NA;NA;NA;NA;NA;520;NA;2600
"1993-06-22";NA;NA;NA;NA;NA;NA;NA;NA;48880;NA;NA;NA;NA;NA;NA;0;NA;NA;NA;NA;NA;NA;NA;160160;1560;NA;NA;NA;NA;NA;NA;NA;NA;NA;NA;3120;NA;1560;1040;NA;NA;NA;NA;NA;NA;NA;NA;NA;NA;NA;NA;NA;NA;NA;NA;NA;NA;35880
"1993-08-16";NA;NA;NA;NA;NA;NA;NA;2600;NA;NA;NA;NA;NA;NA;NA;0;NA;NA;4680;NA;NA;NA;NA;147680;3120;NA;NA;NA;NA;NA;NA;26520;NA;NA;NA;7800;1560;1040;NA;NA;NA;NA;NA;NA;NA;NA;NA;1040;NA;4160;3640;NA;NA;NA;NA;2080;NA;4160
"1993-09-13";NA;NA;NA;NA;NA;NA;NA;NA;112350;NA;NA;100;NA;NA;NA;0;NA;1050;89250;NA;NA;NA;NA;44100;1050;NA;NA;NA;NA;NA;28350;37800;NA;NA;NA;NA;1050;17850;NA;18900;NA;12600;NA;NA;2100;NA;NA;NA;5250;NA;100;NA;NA;NA;7350;2100;NA;22050
"1993-10-26";NA;NA;NA;NA;NA;NA;NA;NA;100;NA;NA;300;NA;NA;NA;0;NA;NA;NA;NA;NA;NA;NA;1000;500;NA;NA;NA;NA;NA;200;NA;NA;NA;NA;NA;NA;NA;NA;NA;NA;1500;NA;NA;NA;NA;NA;NA;NA;NA;200;NA;NA;NA;400;NA;NA;400
"1993-12-27";NA;NA;NA;NA;520;NA;NA;NA;1040;NA;NA;NA;NA;NA;3120;0;NA;NA;NA;NA;NA;NA;NA;NA;520;NA;NA;NA;NA;NA;NA;NA;NA;NA;20280;NA;520;2080;NA;NA;NA;18720;NA;NA;520;NA;NA;NA;520;NA;NA;NA;NA;NA;4680;3120;NA;3120
"1994-01-31";NA;NA;NA;NA;NA;NA;NA;NA;NA;NA;NA;NA;NA;NA;NA;0;NA;1040;NA;NA;NA;NA;NA;6760;NA;NA;NA;NA;NA;NA;520;NA;NA;NA;NA;NA;1560;8320;NA;520;NA;16120;NA;NA;1040;NA;NA;NA;NA;NA;2600;NA;26000;NA;16120;8840;NA;6760
"1994-02-08";NA;NA;NA;NA;2600;NA;NA;NA;3640;NA;NA;NA;NA;NA;NA;0;NA;1040;NA;NA;NA;NA;NA;520;2600;NA;NA;NA;NA;NA;NA;10400;NA;NA;NA;NA;NA;9880;NA;NA;NA;31200;NA;NA;NA;NA;NA;NA;1040;26000;2600;NA;63440;NA;39520;8320;NA;1560
"1994-03-10";NA;NA;39000;NA;NA;NA;NA;NA;19760;NA;NA;NA;NA;NA;NA;0;NA;1040;NA;NA;NA;NA;NA;6240;1040;NA;NA;NA;NA;NA;20280;NA;NA;NA;2600;NA;2080;3640;NA;NA;NA;NA;520;NA;NA;NA;NA;NA;NA;NA;3640;NA;NA;NA;6760;31720;NA;NA
"1994-04-21";NA;NA;NA;NA;NA;NA;NA;NA;113400;NA;NA;2100;NA;NA;NA;0;NA;NA;17850;NA;NA;NA;NA;240450;18900;NA;NA;NA;NA;NA;120750;NA;NA;NA;NA;NA;NA;NA;NA;NA;NA;5250;NA;NA;NA;NA;NA;NA;NA;NA;31500;NA;5250;NA;4200;NA;NA;5250
"1994-04-28";NA;NA;5250;NA;NA;NA;NA;NA;NA;NA;NA;100;NA;NA;NA;0;NA;100;1400;NA;NA;NA;NA;42000;3150;NA;NA;NA;NA;NA;100;NA;NA;NA;NA;NA;NA;NA;NA;NA;NA;2100;NA;NA;NA;NA;NA;NA;2100;NA;10500;NA;NA;NA;NA;100;NA;199200
"1994-05-09";NA;NA;NA;NA;NA;NA;NA;7350;8400;NA;NA;NA;NA;NA;5200;0;NA;NA;NA;NA;NA;NA;NA;55650;2100;NA;NA;NA;NA;NA;27300;NA;NA;NA;NA;NA;100;NA;NA;NA;NA;NA;NA;NA;NA;NA;NA;NA;1050;NA;16800;NA;NA;NA;NA;NA;NA;1787750
"1994-05-30";NA;NA;NA;NA;NA;NA;NA;NA;NA;NA;NA;NA;NA;NA;NA;0;NA;NA;NA;NA;NA;NA;NA;46200;6300;NA;NA;NA;NA;NA;NA;25200;NA;NA;NA;NA;1050;5250;200;NA;NA;4200;NA;NA;NA;NA;NA;NA;NA;3150;49350;NA;NA;NA;NA;NA;NA;63050
"1994-06-09";NA;NA;NA;NA;NA;NA;NA;NA;NA;NA;NA;1050;NA;NA;NA;0;NA;NA;NA;NA;NA;NA;NA;155400;7350;NA;NA;NA;NA;NA;2100;NA;NA;NA;200;NA;2100;NA;NA;NA;NA;NA;NA;NA;1050;NA;NA;1050;1050;NA;29400;NA;NA;NA;NA;NA;NA;4200
"1994-08-11";NA;NA;NA;9800;NA;NA;NA;2100;27300;NA;NA;700;NA;NA;NA;0;NA;NA;25200;NA;NA;NA;NA;34300;2800;NA;NA;NA;NA;NA;6300;16800;NA;NA;NA;NA;1400;16800;NA;NA;NA;8400;NA;NA;700;NA;NA;2100;700;2100;79800;NA;4200;NA;NA;9100;NA;1400
"1994-09-07";NA;NA;NA;NA;NA;1050;NA;0;23100;NA;NA;NA;NA;NA;NA;0;NA;NA;48300;NA;NA;NA;NA;56700;1050;NA;NA;NA;NA;NA;19950;10500;NA;NA;NA;26250;1050;37800;NA;2100;NA;29400;NA;NA;NA;NA;NA;NA;NA;NA;1050;NA;NA;NA;4200;46200;NA;17350
"1994-11-22";NA;NA;NA;NA;NA;NA;NA;NA;32550;NA;NA;3000;NA;NA;NA;0;NA;3150;NA;NA;NA;NA;NA;18900;1050;NA;NA;NA;NA;NA;4200;NA;NA;NA;NA;1050;1050;1050;NA;400;NA;13650;NA;NA;1050;NA;NA;NA;1050;NA;1050;NA;NA;NA;6300;55650;NA;3150
"1994-12-14";NA;NA;NA;NA;NA;NA;NA;NA;NA;NA;NA;NA;NA;NA;NA;0;NA;200;NA;NA;NA;NA;NA;900;100;NA;NA;NA;NA;NA;NA;NA;NA;NA;NA;300;100;NA;NA;200;NA;700;NA;NA;NA;NA;NA;NA;NA;NA;100;NA;NA;NA;1500;1300;NA;100
"1995-01-18";NA;NA;NA;NA;100;NA;NA;NA;NA;NA;NA;NA;NA;NA;NA;0;NA;100;NA;NA;NA;NA;NA;NA;NA;NA;NA;NA;NA;NA;800;NA;NA;NA;NA;NA;100;400;NA;100;NA;4500;NA;NA;100;NA;NA;NA;NA;200;200;NA;1500;NA;1000;400;NA;400
"1995-02-13";NA;NA;NA;NA;NA;NA;NA;NA;400;NA;NA;NA;NA;NA;NA;0;NA;300;NA;NA;NA;NA;NA;300;NA;NA;NA;NA;NA;NA;NA;NA;NA;NA;NA;NA;200;1300;NA;NA;NA;3400;NA;NA;NA;NA;NA;NA;NA;400;NA;NA;NA;NA;1900;8800;NA;800
"1995-03-09";NA;NA;15750;8400;NA;NA;NA;NA;3150;NA;NA;100;NA;NA;6300;0;NA;5250;NA;NA;NA;NA;NA;3150;100;NA;NA;NA;NA;NA;28350;1050;NA;NA;NA;NA;1050;31500;NA;NA;NA;NA;NA;NA;2100;NA;NA;NA;3150;NA;1050;NA;98700;NA;54600;114450;NA;2100
"1995-03-22";NA;NA;44100;NA;NA;NA;NA;NA;76950;NA;NA;NA;NA;NA;6300;0;NA;4200;NA;NA;NA;NA;NA;84000;NA;NA;NA;NA;NA;NA;195300;NA;NA;NA;NA;18900;NA;9450;NA;NA;NA;NA;NA;NA;NA;NA;NA;NA;1050;NA;1050;NA;6300;NA;NA;54600;NA;39600
"1995-04-05";NA;NA;NA;NA;NA;NA;NA;NA;48300;NA;NA;100;NA;NA;NA;0;NA;NA;NA;NA;NA;NA;NA;144900;4200;NA;NA;NA;NA;NA;400;NA;NA;NA;NA;NA;NA;2100;NA;NA;NA;NA;NA;NA;NA;NA;NA;NA;NA;NA;18900;NA;NA;NA;NA;2100;NA;1094400
"1995-05-03";NA;NA;NA;NA;NA;NA;NA;500;NA;NA;NA;NA;NA;NA;NA;0;NA;NA;800;NA;NA;NA;NA;8200;NA;NA;NA;NA;NA;NA;NA;NA;NA;NA;NA;NA;200;NA;NA;500;NA;NA;NA;NA;NA;NA;NA;NA;NA;NA;2200;NA;NA;NA;800;NA;NA;2434100
"1995-06-01";NA;NA;NA;NA;NA;NA;NA;NA;57750;NA;NA;NA;NA;NA;NA;0;NA;NA;NA;NA;NA;NA;NA;197400;2100;NA;NA;NA;NA;NA;NA;NA;NA;NA;NA;7350;NA;NA;NA;NA;NA;8400;NA;NA;NA;NA;NA;NA;NA;NA;5250;NA;NA;NA;NA;NA;NA;NA
"1995-08-10";NA;NA;55650;9450;NA;NA;NA;NA;27300;NA;NA;NA;NA;NA;NA;0;NA;1050;23100;NA;NA;NA;NA;1050;1050;NA;NA;NA;NA;NA;NA;9450;NA;NA;NA;NA;NA;56700;NA;100;NA;10500;NA;NA;NA;NA;NA;NA;NA;NA;61950;NA;70350;NA;NA;28350;NA;192150
"1996-01-11";NA;NA;NA;NA;NA;NA;NA;200;2100;NA;NA;NA;NA;NA;NA;NA;NA;800;NA;NA;NA;NA;NA;2300;NA;NA;NA;NA;NA;NA;500;NA;NA;NA;1000;NA;100;NA;NA;200;NA;NA;NA;NA;NA;NA;NA;NA;NA;5100;600;NA;500;NA;2300;2700;NA;NA
"1996-02-15";NA;NA;9000;NA;NA;NA;NA;NA;900;NA;NA;NA;NA;NA;600;NA;NA;1000;NA;NA;NA;NA;NA;500;100;NA;NA;NA;NA;NA;2200;NA;NA;NA;3500;NA;100;700;NA;NA;NA;NA;NA;NA;NA;NA;NA;NA;NA;1200;700;NA;1200;NA;1800;20500;NA;NA
"1996-03-14";NA;NA;25480;NA;NA;NA;NA;NA;32240;NA;NA;NA;NA;NA;NA;NA;NA;4680;NA;NA;NA;NA;NA;1040;NA;NA;NA;NA;NA;NA;10920;NA;NA;NA;NA;NA;1040;1560;NA;NA;NA;NA;NA;NA;NA;NA;NA;NA;NA;19240;3120;NA;2080;NA;25480;4680;NA;1560
"1996-04-09";NA;NA;32700;2200;NA;NA;NA;NA;32400;NA;NA;NA;NA;NA;NA;NA;NA;NA;NA;NA;NA;NA;NA;373800;5850;NA;NA;NA;NA;NA;NA;NA;NA;NA;NA;NA;NA;2100;NA;NA;NA;NA;NA;NA;NA;NA;NA;NA;NA;22050;23100;NA;NA;NA;9450;1100;NA;2824000
"1996-04-29";NA;NA;800;NA;NA;NA;NA;200;1000;NA;NA;NA;NA;NA;NA;NA;NA;NA;NA;NA;NA;NA;NA;8400;400;NA;NA;NA;NA;NA;NA;NA;NA;NA;NA;NA;NA;NA;NA;NA;NA;NA;NA;NA;NA;NA;NA;NA;NA;NA;3200;NA;NA;NA;NA;NA;NA;57000
"1996-05-13";NA;NA;1386;NA;NA;NA;NA;NA;NA;NA;NA;100;NA;NA;NA;NA;NA;NA;NA;NA;NA;NA;NA;11080;3234;NA;NA;NA;NA;NA;NA;NA;NA;NA;2600;NA;NA;200;200;NA;NA;NA;NA;NA;NA;NA;NA;NA;NA;30950;32340;NA;NA;NA;NA;NA;NA;795000
"1996-05-28";NA;NA;NA;NA;NA;NA;NA;200;NA;NA;NA;NA;NA;NA;NA;NA;NA;NA;NA;NA;NA;NA;NA;150600;3150;NA;NA;NA;NA;NA;NA;NA;NA;NA;2500;NA;NA;1050;NA;NA;NA;NA;NA;100;NA;NA;NA;NA;NA;NA;65100;NA;NA;NA;NA;100;NA;1050
"1996-06-04";NA;NA;1050;NA;NA;NA;NA;NA;NA;NA;NA;NA;NA;NA;NA;NA;NA;NA;NA;NA;NA;NA;NA;84200;2100;NA;NA;NA;NA;NA;NA;NA;NA;NA;NA;NA;1050;2100;NA;100;NA;NA;NA;1050;NA;NA;NA;NA;NA;1050;14700;NA;NA;NA;NA;NA;NA;1100
"1996-06-19";NA;NA;NA;NA;NA;NA;NA;NA;NA;NA;NA;NA;NA;NA;NA;NA;NA;NA;NA;NA;NA;NA;NA;2900;100;NA;NA;NA;NA;NA;NA;NA;NA;NA;700;NA;NA;NA;NA;NA;NA;NA;NA;NA;NA;NA;NA;NA;NA;NA;1600;NA;NA;NA;NA;NA;NA;NA
"1996-08-20";NA;NA;NA;NA;NA;NA;NA;NA;NA;NA;NA;NA;NA;NA;NA;NA;NA;NA;NA;NA;NA;NA;NA;7200;100;NA;NA;NA;NA;NA;NA;NA;NA;NA;NA;NA;100;NA;300;NA;NA;NA;NA;NA;NA;NA;NA;NA;NA;700;1700;NA;NA;NA;NA;NA;NA;NA
"1996-09-26";NA;NA;NA;6300;1050;NA;NA;NA;103950;NA;NA;NA;NA;NA;NA;NA;NA;NA;27300;NA;NA;NA;NA;15750;3150;NA;NA;NA;NA;NA;NA;NA;NA;NA;NA;1050;3150;4200;NA;NA;NA;NA;NA;6300;NA;NA;NA;NA;NA;60900;5250;NA;NA;NA;7350;40950;NA;23100
"1996-11-25";NA;NA;400;NA;NA;NA;NA;NA;5000;NA;NA;200;NA;NA;NA;NA;NA;NA;NA;NA;NA;NA;NA;600;400;NA;NA;NA;NA;NA;NA;NA;NA;NA;26000;200;600;200;NA;NA;NA;NA;NA;NA;200;NA;NA;NA;NA;200;NA;NA;9600;NA;3000;5200;NA;400
"1996-12-09";NA;NA;3400;NA;NA;NA;NA;NA;400;NA;NA;NA;NA;NA;NA;NA;NA;NA;NA;NA;NA;NA;NA;100;100;NA;NA;NA;NA;NA;NA;NA;NA;NA;1900;700;200;700;NA;100;NA;NA;NA;NA;NA;NA;NA;NA;NA;NA;300;NA;500;NA;400;NA;NA;100
"1997-01-14";NA;NA;2900;NA;NA;NA;NA;NA;200;NA;NA;100;NA;NA;NA;NA;NA;NA;NA;NA;NA;NA;NA;200;400;NA;NA;NA;NA;NA;NA;NA;NA;NA;18000;NA;400;400;NA;100;NA;NA;4000;NA;200;NA;NA;NA;NA;NA;200;NA;2900;NA;3500;1700;NA;1000
"1997-03-04";NA;NA;NA;NA;NA;NA;NA;NA;4700;NA;NA;NA;NA;NA;NA;NA;NA;900;NA;NA;NA;NA;NA;200;NA;NA;NA;NA;NA;NA;NA;NA;NA;NA;500;NA;NA;NA;NA;NA;NA;NA;NA;100;NA;NA;NA;NA;NA;NA;1200;NA;NA;NA;1500;1000;NA;NA
"1997-03-24";NA;NA;1600;400;NA;NA;NA;NA;23300;NA;NA;NA;NA;NA;NA;NA;NA;900;NA;NA;NA;NA;NA;400;NA;NA;NA;NA;NA;NA;NA;NA;NA;NA;NA;2500;200;400;NA;NA;NA;NA;NA;NA;NA;NA;NA;NA;NA;400;400;NA;NA;NA;4100;11300;NA;NA
"1997-04-16";NA;NA;NA;NA;NA;NA;NA;NA;5250;NA;NA;200;NA;NA;NA;NA;NA;NA;800;NA;NA;NA;NA;24100;1500;NA;NA;NA;NA;NA;NA;NA;NA;NA;NA;5100;NA;15750;NA;NA;NA;NA;NA;NA;100;NA;NA;NA;NA;50400;2100;NA;NA;NA;NA;NA;NA;6056650
"1997-04-30";NA;NA;NA;NA;NA;NA;NA;NA;NA;NA;NA;NA;NA;NA;NA;NA;NA;NA;NA;NA;NA;NA;NA;NA;700;NA;NA;NA;NA;NA;NA;NA;NA;NA;500;NA;100;NA;NA;NA;NA;NA;NA;NA;NA;NA;NA;NA;NA;400;NA;NA;NA;NA;NA;NA;NA;651000
"1997-05-13";NA;NA;NA;NA;NA;NA;NA;4200;NA;NA;NA;NA;NA;NA;NA;NA;NA;NA;NA;NA;NA;NA;NA;105000;NA;NA;NA;NA;NA;NA;NA;NA;NA;NA;4200;NA;NA;NA;NA;NA;NA;NA;NA;NA;NA;NA;NA;NA;NA;6300;6300;NA;8400;NA;NA;1050;NA;NA
"1997-05-26";NA;NA;NA;NA;NA;NA;NA;2100;8400;NA;NA;NA;NA;NA;NA;NA;NA;NA;NA;NA;NA;NA;NA;156450;2100;NA;NA;NA;NA;NA;NA;NA;NA;NA;NA;10500;NA;NA;NA;NA;NA;NA;NA;NA;NA;NA;NA;NA;NA;3150;7350;NA;NA;NA;NA;2100;NA;NA
"1997-06-05";NA;NA;NA;NA;NA;NA;NA;1050;70350;NA;NA;NA;NA;NA;NA;NA;NA;NA;NA;NA;NA;NA;NA;395850;100;NA;NA;NA;NA;NA;NA;NA;NA;NA;NA;NA;NA;2100;NA;NA;NA;NA;NA;NA;NA;NA;NA;NA;NA;NA;5250;NA;11550;NA;NA;NA;NA;NA
"1997-06-24";NA;NA;NA;NA;NA;NA;NA;100;4400;NA;NA;NA;NA;NA;NA;NA;NA;NA;NA;NA;NA;NA;NA;154100;13850;NA;NA;NA;NA;NA;NA;NA;NA;NA;2500;NA;NA;114400;NA;NA;NA;NA;NA;NA;100;NA;NA;NA;NA;700;100;NA;700;NA;NA;NA;NA;500
"1997-08-20";NA;NA;NA;NA;NA;NA;NA;NA;NA;NA;NA;NA;NA;NA;NA;NA;NA;NA;NA;NA;NA;NA;NA;7600;100;NA;NA;NA;NA;NA;NA;1800;NA;NA;600;2200;100;NA;NA;NA;NA;NA;NA;200;NA;NA;NA;300;NA;NA;200;NA;NA;NA;NA;NA;NA;400
"1997-10-16";NA;NA;NA;1200;300;NA;NA;NA;7400;NA;NA;NA;NA;NA;NA;NA;NA;200;5600;NA;NA;NA;NA;3500;NA;NA;NA;NA;NA;NA;NA;19400;NA;NA;NA;700;200;1400;NA;700;NA;15400;500;NA;700;NA;NA;100;100;300;400;NA;NA;NA;NA;NA;NA;400
"1997-11-25";NA;NA;NA;2800;NA;NA;NA;NA;2800;NA;NA;1900;NA;NA;NA;NA;NA;1400;3500;NA;NA;NA;NA;10600;NA;NA;NA;NA;NA;NA;2200;2800;NA;NA;NA;2800;100;2100;NA;700;NA;8400;NA;NA;NA;NA;NA;100;NA;700;1000;NA;NA;NA;900;2800;NA;100
"1997-12-18";NA;NA;800;NA;NA;NA;NA;NA;100;NA;NA;700;NA;NA;NA;NA;NA;100;NA;NA;NA;NA;NA;NA;NA;NA;NA;NA;NA;NA;NA;NA;NA;NA;NA;NA;200;100;NA;100;NA;8800;NA;NA;NA;NA;NA;NA;NA;NA;NA;NA;NA;NA;900;NA;NA;1600
"1998-01-21";NA;NA;NA;NA;NA;NA;NA;NA;16800;NA;NA;3500;NA;NA;NA;NA;NA;200;NA;NA;NA;NA;NA;200;NA;NA;NA;NA;NA;NA;NA;NA;NA;NA;17500;100;2100;2100;NA;NA;NA;NA;13300;NA;100;NA;NA;100;NA;700;200;NA;600;NA;1200;800;NA;2100
"1998-02-18";NA;NA;38000;NA;NA;NA;NA;NA;11332;NA;NA;2866;NA;NA;NA;NA;NA;4000;NA;NA;NA;NA;NA;NA;NA;NA;NA;NA;NA;NA;NA;NA;NA;NA;10666;NA;2000;10000;NA;200;NA;NA;6000;NA;1266;NA;NA;NA;100;400;5333;NA;26666;NA;30000;5833;NA;8966
"1998-03-10";NA;NA;NA;NA;NA;NA;NA;14630;168200;NA;NA;300;NA;NA;NA;NA;NA;NA;NA;NA;NA;NA;NA;373980;10450;NA;NA;NA;NA;NA;8360;3270;NA;NA;NA;6000;NA;200;NA;NA;NA;NA;NA;2090;2090;NA;NA;NA;NA;1400;10450;NA;NA;NA;400;NA;NA;251000
"1998-04-09";NA;NA;NA;NA;NA;NA;NA;25333;6666;NA;NA;NA;NA;NA;NA;NA;NA;NA;NA;NA;NA;NA;NA;19999;700;NA;NA;NA;NA;NA;NA;NA;NA;NA;3900;6666;NA;1333;NA;NA;NA;NA;NA;NA;NA;NA;NA;NA;700;1333;10200;100;NA;NA;NA;NA;NA;22033999
"1998-04-28";NA;NA;2000;NA;NA;NA;NA;2666;2000;NA;NA;100;NA;NA;NA;NA;NA;NA;NA;NA;NA;NA;NA;500;200;NA;NA;NA;NA;NA;NA;NA;NA;NA;5333;1900;NA;100;NA;NA;NA;NA;NA;NA;NA;NA;NA;NA;200;13166;8666;NA;NA;NA;300;NA;NA;9902800
"1998-05-26";NA;NA;NA;NA;NA;NA;NA;NA;4500;NA;NA;NA;NA;NA;NA;NA;NA;NA;NA;NA;NA;NA;NA;7400;NA;NA;NA;NA;NA;NA;NA;NA;NA;NA;NA;NA;NA;NA;NA;NA;NA;NA;NA;NA;NA;NA;NA;NA;NA;2100;200;NA;NA;NA;NA;NA;NA;100
"1998-06-11";NA;NA;NA;NA;2100;NA;NA;NA;36750;NA;NA;NA;NA;NA;NA;NA;NA;NA;NA;NA;NA;NA;NA;189000;NA;NA;NA;NA;NA;NA;NA;NA;NA;NA;NA;24150;NA;NA;NA;NA;NA;NA;NA;NA;NA;NA;NA;1050;NA;4200;8400;NA;NA;NA;NA;12600;NA;4200
"1998-09-21";NA;NA;NA;NA;NA;NA;NA;NA;65100;NA;NA;NA;NA;NA;NA;NA;NA;NA;32550;NA;NA;NA;NA;43050;1050;NA;NA;NA;NA;NA;8400;57750;NA;NA;30450;10500;4200;1050;1050;NA;NA;NA;NA;NA;NA;NA;NA;NA;NA;NA;10500;NA;NA;NA;NA;2100;NA;7350
"1998-12-08";NA;NA;NA;NA;NA;NA;NA;NA;NA;NA;NA;NA;NA;NA;NA;NA;NA;100;NA;NA;NA;NA;NA;100;NA;NA;NA;NA;NA;NA;NA;NA;NA;NA;5000;NA;300;300;NA;NA;NA;NA;NA;NA;NA;NA;NA;NA;NA;NA;NA;NA;NA;NA;2800;200;NA;100
"1999-01-21";NA;NA;NA;NA;NA;NA;NA;NA;NA;NA;NA;NA;NA;NA;NA;NA;NA;NA;NA;NA;NA;NA;NA;NA;NA;NA;NA;NA;NA;NA;NA;NA;NA;NA;2500;NA;300;200;NA;NA;NA;NA;NA;NA;NA;NA;NA;NA;NA;NA;NA;NA;NA;NA;400;700;NA;NA
"1999-02-16";NA;NA;29400;NA;NA;NA;NA;NA;2100;NA;NA;1050;NA;NA;NA;NA;NA;3150;NA;NA;NA;NA;NA;6300;1050;NA;NA;NA;NA;NA;NA;NA;NA;NA;43050;NA;2100;17850;NA;NA;NA;NA;NA;NA;NA;NA;NA;NA;NA;1050;3150;NA;76650;NA;53550;8400;NA;14700
"1999-03-04";NA;NA;2100;NA;NA;NA;NA;NA;2300;NA;NA;NA;NA;NA;NA;NA;NA;1200;NA;NA;NA;NA;NA;100;NA;NA;NA;NA;NA;NA;3200;NA;NA;NA;600;NA;200;NA;NA;NA;NA;NA;NA;100;NA;NA;NA;NA;NA;NA;600;NA;NA;NA;6300;5100;NA;100
"1999-04-08";NA;NA;1800;NA;NA;NA;NA;12666;38166;NA;NA;NA;NA;NA;NA;NA;NA;666;18666;NA;NA;NA;NA;155632;200;NA;NA;NA;NA;NA;2000;7333;NA;NA;NA;NA;666;1333;NA;NA;NA;NA;NA;NA;100;NA;NA;NA;NA;13333;29332;NA;NA;NA;1500;5700;100;10417300
"1999-04-19";NA;NA;NA;NA;NA;NA;NA;6666;38000;NA;NA;NA;NA;NA;NA;NA;100;100;23333;NA;NA;NA;NA;130200;400;NA;NA;NA;NA;NA;1300;NA;NA;NA;NA;NA;NA;NA;NA;NA;NA;NA;NA;NA;NA;NA;NA;NA;NA;87333;21333;200;NA;NA;1400;NA;100;10689500
"1999-05-10";NA;NA;NA;NA;NA;NA;NA;NA;100;NA;NA;200;NA;300;NA;NA;NA;NA;NA;NA;NA;NA;NA;53333;100;NA;NA;NA;NA;NA;NA;NA;NA;NA;NA;10000;NA;NA;NA;NA;NA;1900;NA;NA;100;NA;NA;NA;NA;138000;3999;NA;NA;NA;NA;NA;100;14742100
"1999-05-27";NA;NA;NA;NA;NA;NA;NA;NA;11550;NA;NA;NA;NA;NA;NA;NA;NA;NA;NA;NA;NA;NA;NA;99750;2100;NA;NA;NA;NA;NA;NA;NA;NA;NA;NA;16800;1050;NA;NA;NA;NA;NA;NA;NA;NA;NA;NA;NA;NA;4200;1050;NA;NA;NA;NA;NA;NA;6300
"1999-06-16";NA;NA;NA;NA;NA;NA;NA;NA;NA;NA;NA;NA;NA;NA;NA;NA;NA;NA;NA;NA;NA;NA;NA;9100;100;NA;NA;NA;NA;NA;NA;NA;NA;NA;NA;700;NA;NA;200;NA;NA;NA;NA;NA;NA;NA;NA;NA;NA;NA;4800;NA;NA;NA;NA;NA;NA;200
"1999-08-18";NA;NA;NA;NA;NA;NA;NA;NA;NA;NA;NA;NA;NA;NA;NA;NA;NA;NA;2000;NA;NA;NA;NA;7900;200;NA;NA;NA;NA;NA;300;1200;NA;NA;NA;100;NA;NA;NA;NA;NA;NA;NA;NA;NA;NA;NA;300;NA;200;100;NA;NA;NA;NA;100;NA;NA
"2000-01-11";NA;NA;NA;NA;NA;100;NA;NA;NA;NA;NA;NA;NA;NA;NA;NA;NA;NA;NA;NA;NA;NA;NA;NA;NA;NA;NA;NA;NA;NA;NA;NA;NA;NA;NA;NA;300;200;NA;NA;NA;4100;NA;NA;NA;NA;NA;NA;NA;200;100;NA;2400;NA;2700;NA;NA;NA
"2000-02-23";NA;NA;3000;NA;NA;NA;NA;NA;300;NA;NA;NA;NA;NA;NA;NA;NA;300;NA;NA;NA;NA;NA;NA;NA;NA;NA;NA;NA;NA;NA;NA;NA;NA;NA;NA;NA;400;NA;NA;NA;NA;NA;100;NA;NA;NA;NA;NA;NA;100;NA;NA;NA;7400;2500;NA;NA
"2000-03-24";NA;NA;NA;NA;NA;NA;NA;NA;52500;NA;NA;NA;NA;NA;1050;NA;NA;1050;9450;NA;NA;NA;NA;34650;1050;4200;NA;NA;NA;NA;22050;NA;NA;NA;NA;NA;1050;2100;NA;NA;NA;12600;NA;NA;NA;NA;NA;NA;NA;12600;7350;NA;NA;NA;4200;22050;NA;41400
"2000-04-20";NA;NA;NA;NA;NA;NA;NA;NA;NA;NA;NA;NA;NA;NA;NA;NA;NA;NA;NA;NA;NA;NA;NA;190050;NA;NA;NA;NA;NA;NA;24150;NA;NA;NA;NA;300;NA;NA;NA;NA;NA;NA;NA;NA;NA;NA;NA;NA;NA;15750;52500;NA;NA;NA;NA;1050;NA;97770
"2000-05-12";NA;NA;27300;NA;NA;NA;NA;NA;NA;NA;NA;NA;NA;NA;NA;NA;NA;NA;NA;NA;NA;NA;NA;114450;3150;NA;NA;NA;NA;NA;NA;NA;NA;NA;NA;NA;1050;7350;3150;NA;NA;6300;NA;1050;NA;NA;NA;NA;NA;3150;60900;NA;16800;NA;31500;22050;NA;3150
"2000-06-16";NA;NA;NA;NA;NA;NA;NA;48300;NA;NA;NA;NA;NA;NA;NA;NA;NA;NA;2100;NA;NA;NA;NA;163800;2100;NA;NA;NA;NA;NA;NA;21000;NA;NA;NA;10500;NA;NA;NA;NA;NA;9450;NA;NA;NA;NA;NA;NA;NA;NA;4200;NA;NA;NA;NA;NA;NA;1050
"2000-07-12";NA;NA;NA;NA;NA;NA;NA;NA;20300;NA;NA;NA;700;NA;NA;NA;NA;200;NA;NA;NA;NA;NA;35000;700;NA;NA;NA;NA;NA;NA;5100;NA;NA;NA;NA;200;NA;NA;NA;NA;2800;NA;700;NA;NA;NA;2100;NA;700;4200;NA;NA;NA;9100;NA;NA;2100
"2000-12-20";NA;NA;NA;NA;NA;NA;NA;NA;1200;NA;NA;NA;NA;NA;NA;NA;NA;NA;NA;NA;NA;NA;NA;NA;NA;NA;NA;NA;NA;NA;NA;NA;NA;NA;NA;NA;100;NA;NA;200;NA;1900;NA;NA;100;NA;NA;NA;NA;NA;NA;NA;NA;NA;NA;NA;NA;300
"2001-01-30";NA;NA;24150;NA;3150;NA;NA;NA;13650;NA;NA;NA;NA;NA;NA;NA;NA;1050;NA;NA;NA;NA;NA;NA;NA;NA;NA;NA;NA;NA;NA;NA;NA;NA;NA;NA;NA;1050;NA;NA;NA;14700;NA;NA;NA;NA;NA;NA;NA;NA;NA;NA;15750;NA;46200;68250;NA;1050
"2001-02-19";NA;NA;68000;NA;NA;NA;NA;200;87633;NA;NA;4000;NA;NA;NA;NA;200;4000;NA;NA;NA;NA;NA;900;NA;2666;NA;NA;NA;NA;NA;NA;NA;NA;NA;NA;NA;18933;NA;200;NA;11333;NA;NA;300;NA;NA;NA;NA;4000;3700;NA;397333;NA;15333;50666;NA;107100
"2001-03-08";NA;NA;234000;NA;NA;NA;NA;2666;273333;NA;NA;1333;NA;NA;NA;NA;NA;1200;1500;NA;NA;NA;NA;2000;400;400;NA;NA;NA;NA;NA;NA;NA;NA;NA;1800;NA;1333;NA;200;NA;NA;NA;NA;100;NA;NA;100;NA;42666;3833;NA;NA;NA;20000;5600;100;46999
"2001-03-22";NA;NA;24666;NA;NA;NA;NA;2000;56966;NA;NA;NA;NA;666;NA;NA;NA;NA;NA;NA;NA;NA;NA;4000;200;NA;NA;NA;NA;NA;NA;NA;NA;NA;NA;1200;NA;NA;NA;100;NA;NA;1400;NA;200;NA;NA;NA;NA;666;10666;NA;NA;NA;NA;4666;NA;289666
"2001-04-25";NA;NA;NA;NA;NA;NA;NA;400;NA;NA;NA;NA;NA;NA;NA;NA;NA;NA;NA;NA;NA;NA;NA;NA;200;NA;NA;NA;NA;NA;NA;NA;NA;NA;NA;NA;NA;NA;NA;NA;NA;3600;NA;NA;NA;NA;NA;NA;NA;NA;1800;NA;NA;NA;NA;NA;NA;1125300
"2002-04-19";NA;NA;NA;NA;NA;NA;NA;NA;48070;NA;NA;NA;8360;NA;NA;NA;NA;NA;NA;NA;NA;NA;NA;112860;20900;NA;NA;NA;NA;NA;NA;NA;NA;NA;NA;NA;4180;6270;NA;2090;NA;12540;2090;4180;NA;NA;NA;NA;NA;25080;4180;NA;NA;NA;4180;NA;NA;235450
"2002-05-31";NA;NA;NA;NA;NA;NA;NA;NA;12600;NA;NA;NA;NA;NA;NA;NA;NA;NA;NA;NA;NA;NA;NA;277200;6300;NA;NA;NA;NA;NA;NA;NA;NA;NA;NA;NA;NA;NA;NA;NA;NA;NA;NA;NA;NA;NA;NA;NA;1050;NA;1050;NA;NA;NA;NA;NA;NA;NA
"2002-07-17";NA;NA;NA;NA;NA;NA;NA;NA;NA;NA;NA;NA;NA;NA;NA;NA;NA;NA;NA;NA;NA;NA;NA;4100;200;NA;NA;NA;NA;NA;NA;NA;NA;NA;NA;NA;NA;NA;NA;NA;NA;300;NA;NA;NA;NA;NA;NA;300;NA;8500;NA;NA;NA;NA;NA;NA;200
"2002-08-06";NA;NA;NA;NA;NA;NA;NA;NA;780;NA;NA;NA;26520;2600;NA;NA;NA;NA;NA;NA;NA;NA;NA;NA;1100;NA;NA;NA;NA;NA;NA;NA;NA;NA;NA;NA;520;260;NA;NA;NA;NA;NA;500;NA;NA;NA;NA;NA;NA;13880;NA;NA;NA;NA;260;NA;1040
"2002-09-18";NA;NA;NA;NA;500;NA;NA;NA;9700;NA;NA;200;2400;NA;NA;NA;NA;800;1600;NA;NA;NA;NA;9000;1600;NA;NA;NA;NA;NA;2900;13300;NA;2100;NA;NA;900;700;100;NA;NA;2100;NA;NA;300;NA;NA;500;100;800;1800;NA;1900;NA;28300;1500;NA;1600
"2002-10-30";NA;NA;NA;NA;NA;200;NA;NA;1400;NA;NA;800;1200;800;NA;NA;NA;NA;100;NA;NA;NA;NA;800;600;NA;NA;NA;NA;NA;200;2000;NA;NA;NA;NA;700;300;NA;300;NA;12900;NA;NA;700;NA;NA;NA;NA;400;200;100;1100;NA;400;1200;NA;900
"2002-11-20";NA;NA;NA;NA;NA;NA;NA;NA;5000;NA;NA;500;800;NA;NA;NA;NA;700;NA;NA;NA;NA;NA;100;600;NA;NA;NA;NA;NA;NA;700;NA;NA;NA;NA;900;300;NA;200;NA;20200;NA;NA;NA;NA;NA;100;NA;NA;200;NA;700;NA;NA;800;NA;2400
"2002-12-18";NA;NA;NA;NA;NA;NA;NA;NA;4900;NA;NA;NA;NA;NA;NA;NA;NA;NA;NA;NA;NA;NA;NA;200;100;NA;NA;NA;NA;NA;NA;NA;NA;NA;NA;NA;100;NA;NA;200;NA;6400;300;NA;NA;NA;NA;NA;200;700;100;NA;NA;NA;500;100;NA;600
"2003-02-13";NA;NA;2100;NA;NA;NA;NA;NA;7350;NA;NA;NA;NA;NA;NA;NA;NA;2100;NA;NA;NA;NA;NA;NA;NA;NA;NA;NA;NA;NA;NA;NA;NA;NA;NA;NA;2100;2100;NA;NA;NA;15750;1050;NA;NA;NA;NA;NA;NA;NA;1050;NA;78750;NA;17850;36750;NA;8400
"2003-03-19";NA;NA;NA;NA;NA;NA;NA;NA;180600;NA;NA;NA;NA;NA;NA;NA;NA;NA;NA;NA;NA;NA;NA;72450;5250;NA;NA;NA;NA;NA;212100;NA;NA;NA;NA;NA;NA;1050;NA;NA;NA;NA;6300;2100;NA;NA;NA;NA;NA;72450;5350;NA;NA;NA;NA;NA;NA;1050250
"2003-04-24";NA;NA;NA;NA;NA;NA;NA;NA;NA;NA;NA;NA;NA;NA;NA;NA;NA;100;NA;NA;NA;NA;NA;100;100;NA;NA;NA;NA;NA;NA;NA;NA;NA;NA;NA;NA;NA;NA;NA;NA;600;NA;NA;NA;NA;NA;NA;NA;5100;600;NA;NA;NA;NA;NA;NA;193000
"2003-06-03";NA;NA;NA;NA;NA;NA;NA;NA;NA;NA;NA;NA;NA;NA;NA;NA;NA;NA;NA;1050;NA;NA;NA;47950;4200;NA;NA;NA;NA;NA;NA;1800;NA;NA;NA;NA;NA;1050;NA;NA;NA;700;NA;NA;1050;NA;NA;NA;2100;NA;71400;NA;NA;NA;NA;2100;NA;400
"2003-06-17";NA;NA;NA;NA;NA;NA;NA;600;NA;NA;NA;200;NA;NA;NA;NA;NA;NA;NA;NA;NA;NA;NA;12600;500;NA;NA;NA;NA;NA;NA;300;NA;NA;NA;NA;100;NA;NA;NA;NA;1400;100;NA;NA;NA;NA;NA;100;NA;2000;100;NA;NA;NA;NA;NA;NA
"2003-07-08";NA;NA;NA;NA;NA;NA;NA;NA;1050;NA;NA;NA;7350;NA;NA;NA;NA;NA;NA;NA;NA;NA;NA;8800;1050;NA;NA;NA;NA;NA;NA;4200;NA;NA;NA;NA;NA;NA;1050;NA;NA;NA;NA;NA;NA;NA;NA;NA;NA;NA;40950;NA;NA;NA;NA;NA;NA;1050
"2003-08-28";NA;NA;NA;NA;NA;NA;NA;NA;26250;NA;NA;NA;5250;NA;NA;NA;NA;1050;7350;NA;NA;NA;NA;1000;6400;NA;NA;NA;NA;NA;NA;23100;NA;NA;NA;400;2100;1050;NA;NA;NA;2500;NA;300;NA;NA;NA;3150;NA;12600;NA;NA;NA;NA;NA;1050;NA;14700
"2003-09-09";NA;NA;NA;NA;100;NA;NA;2090;12540;NA;NA;NA;14630;NA;NA;NA;NA;NA;3800;NA;NA;300;NA;8360;9160;NA;NA;100;NA;NA;NA;121220;NA;NA;NA;2000;6270;300;NA;NA;NA;1700;NA;NA;NA;NA;NA;300;2090;1200;NA;NA;NA;NA;NA;10950;NA;8460
"2003-11-28";NA;NA;NA;NA;100;NA;NA;NA;6500;NA;NA;100;NA;NA;NA;NA;NA;200;NA;100;NA;NA;NA;NA;NA;NA;NA;NA;NA;NA;NA;NA;NA;NA;NA;NA;2191;NA;NA;NA;NA;35056;NA;NA;NA;200;NA;NA;NA;NA;NA;NA;NA;NA;6573;100;NA;800
"2003-12-09";NA;NA;NA;NA;NA;NA;NA;NA;1900;NA;NA;NA;NA;NA;NA;NA;NA;100;NA;NA;NA;NA;NA;NA;NA;NA;NA;NA;NA;NA;NA;NA;NA;NA;NA;NA;600;NA;NA;NA;NA;12056;200;NA;NA;NA;NA;NA;NA;NA;2192;NA;300;NA;1700;NA;NA;2192
"2004-03-04";NA;NA;5000;NA;NA;NA;1600;NA;6080;NA;NA;NA;3288;NA;NA;NA;NA;1096;NA;NA;NA;NA;NA;NA;100;NA;NA;NA;NA;NA;NA;NA;NA;NA;NA;NA;1096;13152;NA;1196;NA;13152;13152;400;200;NA;NA;NA;NA;NA;900;NA;59184;NA;13152;28600;NA;2892
"2004-03-17";NA;NA;NA;NA;NA;NA;NA;NA;61950;NA;NA;NA;11550;NA;500;NA;NA;9450;NA;NA;NA;NA;NA;NA;5350;NA;NA;NA;NA;NA;39900;NA;NA;NA;NA;NA;100;2100;NA;NA;NA;12600;1050;NA;NA;NA;NA;NA;2100;26250;3150;2100;NA;NA;58800;94500;NA;4300
"2004-04-14";NA;100;NA;NA;NA;NA;NA;13150;4384;NA;NA;NA;4384;NA;NA;NA;100;NA;9864;NA;NA;NA;NA;62468;2292;NA;NA;NA;NA;NA;NA;19730;NA;NA;NA;NA;NA;28700;NA;NA;NA;2200;4384;200;NA;NA;NA;NA;1096;3692;52606;1096;NA;NA;NA;1096;NA;8165296
"2004-05-19";NA;NA;NA;NA;NA;NA;NA;2191;NA;NA;NA;NA;300;NA;NA;NA;NA;NA;1600;NA;NA;NA;NA;105170;600;NA;NA;NA;NA;NA;NA;3500;NA;NA;NA;NA;100;100;NA;NA;NA;3300;NA;NA;NA;100;NA;NA;NA;28382;NA;NA;NA;NA;NA;4282;NA;5859591
"2004-06-02";NA;NA;NA;NA;NA;NA;NA;NA;NA;NA;NA;NA;700;NA;NA;NA;NA;NA;NA;100;NA;NA;NA;30673;1500;NA;NA;NA;NA;NA;NA;NA;NA;NA;NA;NA;200;100;NA;NA;NA;3100;100;NA;NA;2191;NA;NA;NA;21910;4382;NA;NA;NA;NA;100;NA;1800
"2004-07-21";NA;NA;12600;NA;NA;NA;NA;NA;41150;NA;NA;NA;14700;NA;NA;NA;NA;NA;NA;1050;NA;NA;NA;11700;13650;NA;NA;NA;NA;NA;NA;NA;NA;NA;NA;NA;1050;100;NA;NA;NA;11100;NA;NA;100;200;NA;NA;2100;NA;NA;NA;NA;NA;NA;500;NA;14900
"2004-09-17";NA;NA;600;NA;NA;NA;NA;NA;1300;NA;NA;NA;100;NA;100;NA;NA;100;1100;NA;NA;NA;NA;1400;600;NA;NA;NA;NA;NA;1900;300;NA;NA;NA;NA;NA;NA;NA;NA;NA;800;200;NA;NA;100;NA;300;200;3900;200;200;NA;NA;NA;1500;NA;500
"2004-10-26";NA;NA;NA;NA;NA;NA;NA;NA;11800;NA;NA;NA;NA;NA;200;NA;NA;NA;400;NA;NA;NA;NA;2500;NA;NA;NA;NA;NA;NA;NA;400;NA;NA;NA;1900;NA;NA;NA;700;NA;2400;1200;NA;NA;200;NA;NA;100;1300;400;NA;1000;NA;NA;9100;NA;800
"2004-12-01";NA;NA;NA;NA;NA;NA;NA;NA;48300;NA;NA;NA;8400;NA;NA;NA;NA;NA;3150;NA;NA;NA;NA;2100;3150;NA;NA;NA;NA;NA;NA;400;NA;NA;NA;NA;100;400;NA;NA;NA;2700;NA;NA;300;1050;NA;NA;NA;400;17000;NA;2100;NA;1200;6300;NA;7350
"2005-02-28";NA;NA;2134;NA;NA;NA;NA;NA;1600;NA;NA;NA;20270;NA;NA;NA;NA;NA;NA;1067;NA;NA;NA;NA;2434;NA;NA;NA;NA;NA;NA;NA;NA;NA;NA;NA;NA;1067;NA;NA;NA;40546;10670;NA;300;2134;NA;NA;NA;NA;NA;NA;1400;NA;1100;12130;NA;21340
"2005-03-15";NA;NA;4268;NA;NA;NA;NA;NA;13870;NA;NA;NA;2134;NA;NA;NA;NA;NA;NA;NA;NA;NA;NA;NA;3201;NA;NA;NA;NA;NA;NA;NA;NA;NA;NA;NA;NA;6402;NA;200;NA;8536;40537;NA;200;2134;NA;NA;NA;NA;NA;NA;4200;NA;200;17070;NA;4167
"2005-03-25";NA;NA;NA;NA;NA;NA;NA;NA;56120;NA;NA;100;45600;NA;NA;NA;NA;NA;NA;NA;NA;NA;NA;2731;1754;NA;NA;NA;NA;NA;15780;NA;NA;NA;NA;NA;NA;3508;NA;NA;NA;NA;877;NA;NA;NA;NA;NA;NA;800;8770;NA;NA;NA;NA;900;NA;100
"2005-04-11";NA;NA;17700;NA;NA;NA;NA;NA;24541;NA;NA;200;29870;NA;NA;NA;1067;NA;NA;1067;NA;NA;NA;33068;6602;NA;NA;NA;NA;NA;NA;700;NA;NA;NA;NA;100;200;NA;NA;NA;38410;61880;NA;1067;NA;NA;100;800;26670;180500;NA;NA;NA;300;3201;NA;21496
"2005-05-19";NA;NA;NA;NA;NA;NA;NA;1754;NA;NA;NA;NA;NA;NA;NA;NA;NA;NA;NA;NA;NA;NA;NA;18617;1754;NA;NA;NA;NA;NA;NA;NA;NA;NA;NA;NA;NA;877;NA;NA;NA;NA;NA;NA;NA;200;NA;NA;NA;NA;17640;NA;NA;NA;NA;NA;NA;536131
"2005-05-31";NA;NA;NA;NA;NA;NA;NA;84290;NA;NA;NA;NA;27740;NA;NA;NA;NA;NA;NA;NA;NA;NA;NA;87480;15038;NA;NA;NA;NA;NA;NA;NA;NA;NA;NA;NA;1167;1067;NA;NA;NA;800;1067;NA;NA;100;NA;NA;NA;NA;NA;NA;2134;NA;NA;8536;NA;61871
"2005-06-09";NA;NA;NA;NA;NA;NA;NA;22400;2600;NA;NA;NA;1067;NA;NA;NA;NA;NA;NA;100;NA;NA;NA;57610;13104;NA;NA;NA;NA;NA;NA;NA;NA;NA;NA;NA;1067;NA;NA;NA;NA;1800;NA;NA;100;NA;NA;NA;100;5335;1067;NA;NA;NA;NA;NA;NA;115228
"2005-06-22";NA;NA;NA;NA;NA;NA;NA;2500;NA;NA;NA;NA;500;NA;NA;NA;NA;NA;NA;NA;NA;NA;NA;1300;200;NA;NA;NA;NA;NA;NA;1300;NA;NA;NA;NA;NA;NA;NA;NA;NA;NA;NA;NA;NA;NA;NA;NA;600;NA;NA;100;NA;NA;NA;NA;NA;1633100
"2005-07-27";NA;NA;NA;NA;NA;NA;NA;NA;NA;NA;NA;NA;18130;NA;NA;NA;NA;NA;NA;NA;NA;NA;NA;22407;13871;NA;NA;NA;NA;NA;NA;1200;NA;NA;NA;NA;3201;2134;100;NA;NA;4268;NA;NA;NA;NA;NA;NA;NA;NA;431300;NA;NA;NA;NA;2134;NA;746604
"2005-08-30";NA;NA;NA;NA;NA;100;NA;NA;42674;NA;NA;NA;280500;NA;400;NA;100;NA;10670;200;NA;NA;NA;43741;53341;NA;NA;NA;NA;NA;10670;206335;NA;NA;NA;NA;2134;NA;NA;300;NA;900;6402;NA;NA;600;NA;55480;2134;96020;NA;4268;NA;NA;NA;12804;NA;69351
"2005-09-20";NA;NA;NA;NA;NA;NA;NA;NA;19204;NA;NA;NA;78950;NA;100;NA;3201;1067;49080;3201;NA;NA;NA;39470;43742;NA;NA;NA;NA;NA;28800;8536;NA;NA;NA;500;8536;10670;NA;2134;NA;46940;14930;NA;1067;400;NA;8536;2134;25600;2167;3201;NA;NA;48010;1067;NA;861550
"2006-01-17";NA;NA;NA;NA;NA;NA;NA;NA;15800;NA;NA;NA;NA;NA;100;NA;NA;100;NA;NA;NA;NA;NA;NA;200;NA;NA;NA;NA;NA;NA;NA;NA;NA;NA;600;NA;400;NA;NA;NA;1400;1100;NA;100;NA;NA;NA;200;800;100;NA;4800;NA;100;700;NA;100
"2006-02-14";NA;NA;NA;NA;NA;NA;NA;NA;1000;NA;NA;NA;NA;NA;NA;NA;NA;NA;NA;NA;NA;NA;NA;NA;100;NA;NA;NA;NA;NA;NA;NA;NA;NA;NA;NA;200;1300;NA;NA;NA;3800;100;NA;NA;NA;NA;NA;NA;400;NA;NA;2800;NA;NA;NA;NA;700
"2006-03-14";NA;NA;57610;NA;NA;NA;NA;NA;400100;NA;NA;NA;28800;NA;NA;NA;300;800;NA;NA;NA;NA;NA;10003;6702;NA;NA;NA;NA;NA;NA;2134;NA;NA;NA;NA;7469;4268;NA;100;NA;9603;149370;NA;2134;NA;NA;NA;2134;25605;17064;NA;NA;NA;6400;14097;NA;9610802
"2006-05-11";NA;NA;45880;NA;NA;NA;NA;NA;NA;NA;NA;NA;414600;NA;NA;NA;NA;NA;NA;100;NA;NA;NA;1867;13204;NA;NA;NA;NA;NA;NA;12800;NA;NA;NA;NA;NA;NA;NA;NA;NA;1900;8536;NA;200;NA;NA;NA;300;5068;NA;NA;NA;NA;200;100;NA;144101
"2006-06-07";NA;NA;NA;NA;NA;NA;NA;4268;NA;NA;NA;NA;34140;NA;NA;NA;NA;NA;NA;NA;NA;NA;NA;64016;8536;NA;NA;NA;NA;NA;NA;NA;NA;NA;NA;NA;100;NA;NA;NA;NA;NA;1067;NA;NA;NA;NA;1067;200;NA;6402;2134;NA;NA;NA;NA;NA;20269
"2006-06-28";NA;NA;NA;NA;NA;NA;NA;4268;NA;NA;NA;NA;36270;NA;NA;NA;200;NA;NA;NA;NA;NA;NA;24537;16105;NA;NA;NA;NA;NA;NA;381100;NA;NA;NA;NA;300;NA;NA;NA;NA;2100;NA;NA;NA;NA;NA;NA;3201;539201;7469;200;NA;NA;NA;NA;NA;3201
"2006-07-12";NA;NA;6139;NA;NA;NA;NA;NA;11401;NA;NA;NA;11401;NA;NA;NA;NA;NA;NA;100;NA;NA;NA;37711;300;NA;NA;NA;NA;NA;NA;76299;877;NA;NA;NA;100;1754;NA;NA;NA;NA;NA;NA;NA;NA;NA;100;200;NA;28941;877;NA;NA;NA;2054;NA;877
"2006-08-09";NA;NA;NA;NA;1067;200;NA;NA;NA;NA;NA;NA;76820;NA;NA;NA;200;NA;NA;NA;NA;NA;NA;164312;46945;NA;NA;NA;NA;NA;NA;10003;NA;NA;NA;NA;300;NA;NA;500;NA;11100;NA;NA;100;NA;NA;2134;2134;66150;72550;1067;NA;NA;NA;3201;NA;8536
"2006-09-11";NA;NA;3400;NA;NA;200;NA;1067;113034;NA;NA;NA;71190;NA;NA;NA;NA;3201;1600;NA;NA;NA;NA;120010;20272;NA;NA;NA;NA;NA;200;53350;NA;NA;NA;33070;6402;3201;NA;1367;NA;12800;NA;NA;4268;2134;NA;1067;3201;43744;1167;NA;NA;NA;1100;2134;NA;5435
"2006-11-30";NA;NA;NA;NA;2134;NA;NA;NA;17971;NA;NA;NA;22400;NA;100;NA;100;1067;NA;100;NA;NA;NA;2134;5735;NA;NA;NA;NA;NA;NA;NA;NA;NA;NA;NA;2234;5335;NA;100;NA;4268;4268;NA;NA;2134;NA;NA;NA;500;NA;NA;14930;NA;NA;800;NA;11737
"2006-12-20";NA;NA;NA;NA;NA;NA;NA;NA;700;NA;NA;NA;NA;NA;NA;NA;NA;200;NA;NA;NA;NA;NA;NA;100;NA;NA;NA;NA;NA;NA;NA;NA;NA;NA;NA;NA;NA;NA;100;NA;1800;600;NA;200;NA;NA;NA;NA;NA;NA;NA;4300;NA;NA;600;NA;500
"2007-02-06";NA;NA;600;NA;NA;NA;NA;NA;NA;NA;NA;NA;8536;NA;200;NA;NA;300;NA;NA;NA;NA;NA;NA;5335;NA;NA;NA;NA;NA;NA;NA;NA;NA;NA;NA;1167;12800;NA;2134;NA;8536;34240;NA;1067;3201;NA;NA;NA;NA;NA;NA;4500;NA;NA;8536;NA;2234
"2007-03-15";NA;NA;37900;NA;NA;NA;NA;10670;93700;NA;100;NA;207300;NA;3201;NA;NA;25600;NA;NA;NA;NA;NA;17170;21170;NA;NA;NA;NA;NA;60810;NA;NA;NA;NA;13870;1067;NA;NA;200;NA;NA;3201;NA;NA;NA;NA;200;1067;3000;25600;1067;NA;NA;3900;249605;NA;26666
"2007-05-24";NA;NA;6402;NA;NA;NA;NA;NA;800;NA;NA;NA;18130;500;NA;NA;NA;NA;NA;NA;NA;NA;NA;3201;20272;NA;NA;NA;NA;NA;NA;NA;NA;NA;NA;NA;2134;NA;NA;NA;NA;400;NA;NA;NA;100;NA;NA;4268;541335;1067;NA;NA;NA;NA;NA;NA;3519335
"2007-06-12";NA;NA;NA;NA;NA;NA;NA;3201;NA;NA;NA;NA;57610;NA;NA;NA;200;NA;800;NA;NA;NA;NA;242968;23507;NA;NA;NA;NA;NA;NA;1200;NA;NA;NA;2200;2134;NA;NA;NA;NA;NA;NA;NA;NA;NA;NA;NA;NA;5335;21337;NA;NA;NA;NA;NA;NA;13967
"2007-07-13";NA;NA;NA;NA;NA;NA;NA;877;150844;NA;NA;NA;4385;61390;3508;NA;NA;NA;NA;NA;NA;NA;NA;20171;5262;NA;NA;NA;NA;NA;NA;142074;NA;NA;NA;15786;NA;3508;NA;NA;NA;1300;100;NA;100;NA;NA;NA;1754;6139;92962;100;NA;NA;NA;3508;NA;1077
"2007-07-31";NA;NA;NA;NA;NA;NA;NA;NA;30940;NA;NA;1067;102600;NA;1067;NA;NA;NA;NA;NA;NA;NA;NA;138700;25136;NA;NA;NA;NA;NA;NA;12800;NA;NA;NA;NA;5335;1067;NA;NA;NA;24540;1067;NA;100;NA;NA;1067;1067;100;159100;NA;NA;NA;NA;NA;NA;2134
"2007-08-30";NA;NA;NA;NA;200;NA;NA;NA;29667;NA;NA;NA;196800;NA;100;NA;3201;NA;2134;2134;NA;NA;NA;400;49379;NA;NA;NA;NA;NA;700;22407;NA;NA;NA;1300;2134;5335;NA;400;NA;105600;2100;NA;500;100;NA;14937;600;300;NA;100;NA;NA;4268;14934;NA;7569
"2007-09-14";NA;NA;NA;NA;NA;NA;NA;NA;31572;NA;NA;877;3508;NA;NA;NA;NA;1754;93839;1754;NA;NA;NA;20171;8870;NA;NA;NA;NA;NA;NA;122780;NA;NA;NA;NA;NA;7893;NA;NA;NA;8770;877;NA;877;NA;1754;NA;100;15786;977;NA;NA;NA;7893;1077;NA;9693
"2007-10-16";NA;NA;NA;NA;NA;NA;NA;NA;1067;NA;NA;100;41610;NA;NA;NA;NA;NA;100;2134;NA;NA;NA;3201;22900;NA;NA;NA;NA;NA;NA;700;NA;NA;NA;NA;5335;3201;NA;NA;NA;8536;48010;NA;300;NA;NA;NA;1067;3201;NA;NA;NA;NA;5335;4268;NA;44805
"2007-10-31";NA;NA;NA;NA;NA;NA;NA;NA;13867;NA;NA;1067;68280;NA;NA;2134;NA;NA;200;2134;NA;NA;NA;1300;15034;NA;NA;NA;NA;NA;NA;9603;NA;NA;NA;NA;2234;7469;100;200;NA;38410;71480;NA;4268;NA;NA;200;100;6402;100;NA;NA;NA;29870;5335;NA;14270
"2007-11-19";NA;NA;NA;NA;NA;NA;NA;100;10670;NA;NA;200;85360;NA;NA;NA;NA;NA;100;100;NA;NA;NA;100;29107;NA;NA;NA;NA;NA;NA;4268;100;NA;NA;NA;3201;7469;NA;NA;NA;23470;54410;NA;600;NA;NA;1067;500;7469;100;NA;NA;NA;39470;12030;NA;19206
"2007-12-19";NA;NA;NA;NA;NA;NA;NA;NA;6402;NA;NA;100;23470;NA;NA;NA;NA;NA;NA;1067;NA;NA;NA;NA;11837;NA;NA;NA;NA;NA;NA;NA;NA;NA;NA;NA;5435;9803;NA;NA;NA;9603;40544;NA;600;NA;NA;NA;100;4568;NA;NA;400;NA;NA;17167;NA;5335
"2008-02-07";NA;NA;NA;NA;NA;NA;NA;NA;3000;NA;NA;100;1200;NA;1000;NA;NA;500;NA;NA;NA;NA;NA;500;300;NA;NA;NA;NA;NA;1200;NA;NA;NA;NA;NA;100;3800;NA;NA;NA;NA;NA;NA;NA;NA;NA;NA;400;1100;900;200;16900;NA;NA;23000;NA;200
"2008-05-06";NA;NA;8536;NA;NA;NA;NA;2134;NA;NA;NA;NA;11730;4268;NA;NA;100;NA;NA;NA;NA;NA;NA;18139;19401;NA;NA;NA;NA;NA;NA;6402;NA;NA;NA;700;300;1067;NA;NA;NA;8900;NA;NA;NA;NA;NA;100;300;270100;5335;NA;NA;NA;NA;NA;NA;11051036
"2008-06-17";NA;NA;NA;NA;NA;100;NA;NA;5262;NA;NA;NA;45600;NA;NA;NA;877;NA;NA;NA;NA;NA;NA;57001;14906;NA;NA;NA;NA;NA;NA;17540;NA;NA;NA;NA;500;NA;877;NA;NA;800;NA;NA;NA;NA;NA;100;877;13150;99971;NA;NA;NA;NA;NA;NA;877
"2008-06-30";NA;NA;NA;NA;NA;NA;NA;100;68395;NA;NA;NA;202200;NA;NA;NA;NA;NA;NA;6139;NA;NA;NA;29810;115454;NA;NA;NA;NA;NA;1500;5262;NA;NA;NA;5200;1754;11400;NA;NA;NA;3900;877;NA;100;877;NA;877;1754;16659;46475;5262;5262;NA;NA;21040;NA;3508
"2008-07-22";NA;NA;NA;NA;NA;NA;NA;NA;2600;NA;NA;NA;300;NA;NA;NA;NA;NA;NA;NA;NA;NA;NA;43800;2400;NA;NA;NA;NA;NA;NA;NA;NA;NA;NA;2900;500;300;NA;NA;NA;3900;NA;NA;100;NA;NA;800;200;1300;500;100;NA;NA;400;NA;NA;800
"2008-08-28";NA;NA;1600;NA;NA;NA;NA;NA;18417;NA;NA;NA;42096;NA;7016;NA;300;877;NA;200;NA;NA;NA;96470;3131;NA;NA;NA;NA;NA;1600;NA;NA;NA;NA;NA;1754;NA;NA;NA;NA;NA;NA;NA;NA;NA;NA;877;100;1300;1077;NA;NA;NA;400;3508;NA;877
"2008-09-16";NA;NA;1754;NA;NA;NA;NA;NA;152670;NA;NA;200;143900;NA;5262;100;NA;877;179900;300;NA;NA;NA;3508;11801;NA;NA;NA;7893;NA;4385;18408;NA;NA;NA;1200;6139;7016;NA;500;NA;27180;12220;NA;1754;NA;NA;500;600;14032;500;877;NA;NA;5262;11401;NA;49697
"2008-10-30";NA;NA;22000;NA;NA;NA;NA;NA;72783;NA;NA;NA;57000;NA;1754;200;NA;200;8770;100;NA;NA;NA;9647;8870;NA;NA;NA;1754;NA;1600;18410;NA;NA;NA;1000;2631;2631;NA;500;NA;31570;3508;NA;300;100;NA;NA;400;6762;2200;877;NA;NA;4600;20164;NA;45120
"2009-01-15";NA;NA;3508;NA;NA;NA;NA;NA;12474;NA;NA;NA;62260;NA;100;NA;100;200;NA;NA;NA;NA;NA;NA;2731;NA;NA;NA;1754;NA;200;NA;NA;NA;NA;NA;NA;7016;NA;200;NA;28060;2500;NA;500;NA;NA;NA;NA;1754;NA;NA;18410;NA;200;7016;NA;28058
"2009-02-24";NA;NA;9647;NA;NA;NA;NA;NA;115678;NA;NA;NA;27180;NA;NA;NA;NA;3508;NA;NA;NA;NA;NA;826962;2631;NA;NA;NA;NA;NA;6139;NA;NA;NA;NA;NA;NA;17535;NA;NA;NA;5262;NA;NA;877;NA;NA;NA;100;50860;68400;100;7893;NA;79800;71020;NA;26307
"2009-03-31";NA;NA;10000;NA;NA;NA;NA;NA;60280;NA;NA;NA;198800;NA;1754;NA;300;2631;800;NA;NA;NA;NA;49108;5262;NA;NA;NA;100;NA;NA;NA;NA;NA;NA;600;100;1754;NA;NA;NA;7893;1200;NA;200;NA;NA;200;1754;433600;200;2631;NA;NA;NA;49108;NA;3123647
"2009-04-14";NA;NA;21925;NA;NA;NA;NA;NA;NA;NA;NA;NA;8770;NA;NA;NA;NA;200;NA;NA;NA;NA;NA;13155;3508;NA;NA;NA;NA;NA;NA;NA;NA;NA;NA;NA;NA;2631;NA;NA;NA;2400;877;NA;NA;NA;NA;100;1754;39911;800;100;NA;NA;700;NA;NA;9028912
"2009-04-29";NA;NA;32440;NA;NA;NA;NA;NA;NA;NA;NA;NA;72790;NA;NA;NA;NA;877;NA;NA;NA;NA;NA;NA;23095;NA;NA;NA;NA;NA;NA;NA;NA;NA;NA;NA;NA;4385;NA;NA;NA;37710;1800;NA;877;NA;NA;NA;7893;405331;200;NA;27180;NA;2631;65590;NA;8919491
"2009-05-19";NA;NA;2800;NA;NA;NA;NA;NA;1800;NA;NA;NA;8770;NA;NA;NA;NA;100;NA;NA;NA;NA;NA;302034;15309;NA;NA;NA;NA;NA;NA;NA;NA;NA;NA;NA;200;NA;NA;NA;NA;600;NA;NA;877;NA;NA;100;5262;52614;26310;NA;3508;NA;NA;18615;NA;72011
"2009-06-08";NA;NA;NA;NA;NA;NA;NA;NA;1400;NA;NA;NA;42090;NA;877;NA;400;NA;NA;NA;NA;NA;NA;2054;19012;NA;NA;NA;NA;NA;NA;21040;NA;NA;NA;NA;977;2631;NA;NA;NA;3400;NA;NA;NA;NA;NA;600;600;5185;14030;NA;NA;NA;NA;7116;NA;33544
"2009-06-25";NA;NA;700;NA;NA;NA;NA;NA;4385;NA;NA;NA;9647;NA;NA;NA;NA;NA;NA;NA;NA;NA;NA;42973;9647;NA;NA;NA;NA;NA;NA;107871;NA;NA;NA;NA;NA;877;NA;NA;NA;14909;NA;NA;NA;NA;NA;1754;100;13155;57005;877;NA;NA;NA;877;NA;15409
"2009-07-28";NA;NA;NA;NA;100;NA;NA;NA;7893;NA;NA;NA;121000;NA;877;NA;877;NA;NA;200;NA;NA;NA;92076;13754;NA;NA;NA;5262;NA;NA;3508;877;NA;NA;NA;3508;2631;NA;NA;NA;2631;1754;NA;1754;NA;NA;977;3508;1954;NA;200;NA;NA;NA;7893;NA;19294
"2009-08-26";NA;NA;29870;NA;NA;NA;NA;NA;11602;NA;NA;NA;270100;NA;NA;NA;300;NA;NA;NA;NA;NA;NA;20368;36476;NA;NA;NA;12800;NA;NA;NA;NA;NA;NA;NA;4268;4268;NA;NA;NA;11730;1067;NA;100;NA;NA;11470;100;3201;NA;3201;4268;NA;1000;37330;NA;25707
"2009-09-08";NA;NA;6600;NA;NA;NA;NA;NA;47669;NA;100;NA;203100;NA;NA;NA;NA;3201;200;100;NA;100;NA;20269;21736;NA;NA;NA;6402;NA;9603;11737;NA;NA;NA;NA;3201;1067;NA;NA;NA;23470;NA;NA;NA;NA;NA;9603;1067;44798;1067;4268;NA;NA;16000;35200;NA;12437
"2009-11-30";NA;NA;5200;NA;NA;NA;NA;NA;3000;NA;NA;1067;25600;NA;400;NA;NA;500;NA;NA;NA;NA;NA;200;6602;NA;NA;NA;NA;NA;800;1800;NA;NA;NA;2134;8536;2134;NA;100;NA;8536;NA;NA;100;NA;NA;NA;200;4668;NA;NA;26670;NA;8536;13864;400;10670
"2009-12-16";NA;NA;NA;NA;1600;NA;NA;NA;19197;NA;NA;NA;41610;NA;400;NA;NA;1300;NA;100;NA;NA;NA;100;9903;NA;NA;NA;3201;NA;1067;200;NA;NA;NA;NA;4268;8536;NA;NA;NA;13870;NA;NA;1067;NA;NA;NA;100;600;1067;100;85360;NA;4268;6468;100;40773
"2010-01-27";NA;NA;17540;NA;NA;NA;NA;877;18886;NA;NA;100;7016;NA;NA;NA;NA;57882;NA;NA;NA;NA;NA;1777;1854;NA;NA;NA;NA;NA;20171;NA;NA;NA;NA;4900;NA;7939;NA;NA;NA;NA;14032;NA;NA;NA;NA;NA;100;9647;100;NA;3508;NA;44727;1200;877;471926
"2010-02-24";NA;NA;1600;NA;NA;NA;NA;NA;541267;NA;NA;200;110900;NA;100;NA;2134;7469;NA;NA;NA;NA;NA;3301;11737;NA;NA;NA;4268;NA;NA;NA;NA;NA;NA;NA;1067;242369;NA;NA;NA;4268;NA;NA;NA;NA;NA;NA;5335;7969;2234;100;6402;NA;55480;NA;200;279768
"2010-03-17";NA;NA;2800;NA;NA;NA;NA;NA;924200;NA;NA;1067;67220;NA;100;NA;NA;NA;500;NA;NA;NA;NA;8836;9603;NA;NA;NA;8536;NA;NA;600;NA;NA;NA;NA;NA;223035;NA;NA;NA;6402;NA;NA;100;NA;NA;NA;1067;364200;12830;NA;NA;NA;NA;300;100;3620802
"2010-03-30";NA;NA;3200;NA;NA;NA;NA;NA;379000;NA;NA;200;184200;NA;NA;NA;100;100;NA;NA;NA;NA;NA;4101;10670;NA;NA;NA;10670;NA;NA;NA;NA;NA;NA;NA;NA;84285;NA;NA;NA;1200;NA;NA;400;NA;NA;NA;2134;48370;200;100;4268;NA;NA;100;300;22230766
"2010-04-22";NA;NA;4268;NA;NA;NA;NA;NA;NA;NA;NA;NA;84290;NA;NA;NA;200;NA;NA;NA;NA;NA;NA;8736;18232;NA;NA;NA;NA;NA;NA;NA;NA;NA;NA;NA;NA;5335;NA;NA;NA;5800;NA;NA;100;NA;NA;NA;14930;56780;600;NA;4268;NA;NA;NA;400;10921503
"2010-05-18";NA;NA;NA;NA;NA;NA;NA;NA;NA;NA;NA;NA;234500;NA;NA;NA;NA;NA;NA;NA;NA;NA;NA;48000;87487;NA;NA;NA;NA;NA;NA;NA;NA;NA;NA;NA;100;3201;NA;NA;NA;16000;NA;NA;NA;NA;NA;NA;2134;238700;12800;NA;NA;NA;400;NA;NA;3681600
"2010-06-22";NA;NA;NA;NA;NA;NA;NA;NA;NA;NA;NA;NA;38410;NA;NA;NA;NA;NA;NA;NA;NA;NA;NA;53350;11737;NA;NA;NA;NA;NA;NA;695200;NA;NA;NA;NA;1067;NA;400;NA;NA;200;NA;NA;NA;NA;NA;NA;1067;56550;61880;NA;NA;NA;NA;NA;NA;9703
"2010-06-30";NA;NA;NA;NA;NA;NA;NA;NA;NA;NA;NA;NA;571600;NA;NA;NA;NA;NA;NA;NA;NA;NA;NA;9603;26669;NA;NA;NA;NA;NA;NA;120500;NA;NA;NA;NA;2134;3201;NA;NA;NA;6402;NA;NA;NA;NA;NA;NA;100;NA;16000;NA;NA;NA;NA;NA;NA;74884
"2010-07-13";NA;NA;NA;NA;NA;NA;NA;NA;NA;NA;NA;NA;387300;NA;NA;NA;NA;NA;NA;2134;NA;NA;NA;17168;88550;NA;NA;NA;NA;NA;NA;400;100;NA;NA;NA;1067;3201;400;NA;NA;4100;NA;NA;100;NA;NA;NA;4268;NA;462700;200;NA;NA;NA;NA;200;5192702
"2010-08-11";NA;NA;NA;NA;NA;NA;NA;NA;NA;NA;NA;NA;98160;NA;NA;NA;NA;NA;NA;NA;NA;NA;NA;8536;84285;NA;NA;NA;1067;NA;NA;NA;2134;NA;NA;NA;3301;1067;NA;NA;NA;12800;NA;NA;200;NA;NA;600;2134;700;259600;3201;NA;NA;NA;NA;1067;10603
"2010-10-22";NA;NA;NA;NA;NA;NA;NA;NA;NA;NA;NA;NA;152800;NA;NA;NA;NA;100;1067;NA;NA;NA;NA;2134;14937;5335;NA;NA;NA;NA;NA;2134;NA;NA;NA;NA;3301;7469;NA;NA;NA;52280;NA;NA;1067;NA;NA;1167;NA;NA;NA;NA;NA;NA;400;17065;1067;100127
"2010-12-07";NA;NA;7900;NA;NA;NA;NA;NA;NA;NA;NA;NA;900;NA;NA;NA;NA;NA;NA;100;NA;NA;NA;100;100;NA;NA;NA;NA;NA;NA;NA;100;NA;1100;NA;100;1300;NA;NA;NA;16100;NA;NA;NA;NA;NA;NA;NA;200;200;NA;5500;NA;1600;NA;100;5100
"2011-01-21";NA;NA;5262;NA;NA;NA;NA;NA;24570;NA;NA;200;41210;NA;2631;NA;NA;2631;NA;NA;NA;NA;NA;100;16658;NA;NA;NA;NA;NA;NA;NA;NA;NA;NA;400;877;17540;NA;NA;NA;5262;NA;NA;1754;NA;NA;877;NA;19290;400;NA;116600;NA;94710;7316;NA;31817
"2011-03-08";NA;NA;7900;NA;NA;NA;NA;NA;46481;NA;NA;NA;4385;NA;NA;NA;NA;7893;500;NA;NA;NA;NA;3400;2631;NA;NA;NA;NA;NA;NA;NA;NA;NA;NA;NA;100;877;NA;NA;NA;19294;NA;NA;NA;NA;NA;NA;NA;53497;12278;100;NA;NA;8770;300;100;434277
"2011-03-24";NA;NA;NA;NA;NA;NA;NA;NA;44720;NA;NA;NA;64890;5262;NA;NA;NA;NA;900;NA;NA;NA;NA;26305;3508;NA;NA;NA;877;NA;NA;700;NA;NA;NA;3508;100;NA;NA;NA;NA;2400;NA;NA;100;NA;NA;NA;100;10524;55248;877;NA;NA;18410;3700;877;4237400
"2011-04-20";NA;NA;NA;NA;NA;NA;NA;NA;NA;NA;NA;NA;10520;NA;NA;NA;877;NA;NA;NA;NA;NA;NA;7893;6139;NA;NA;NA;NA;NA;NA;12270;877;NA;NA;NA;877;NA;NA;100;NA;27180;NA;NA;NA;NA;NA;877;NA;114854;97690;NA;NA;NA;NA;NA;877;7461631
"2011-05-06";NA;NA;NA;NA;NA;NA;NA;NA;NA;NA;NA;NA;162800;200;NA;NA;NA;NA;NA;NA;NA;NA;NA;51740;21924;NA;NA;NA;NA;NA;NA;3508;NA;NA;NA;NA;877;NA;NA;NA;NA;3800;NA;NA;877;NA;NA;NA;100;133600;10524;NA;NA;NA;NA;NA;NA;134585
"2011-05-20";NA;NA;NA;NA;NA;NA;NA;NA;5262;NA;NA;NA;315300;NA;NA;NA;NA;NA;NA;NA;NA;NA;NA;NA;56227;NA;NA;NA;NA;NA;NA;NA;NA;NA;NA;NA;1754;NA;NA;NA;NA;12270;NA;NA;300;NA;NA;NA;NA;43850;800;NA;2631;NA;1754;NA;877;109654
"2011-06-20";NA;NA;NA;NA;NA;NA;NA;NA;19292;NA;NA;NA;44720;3508;NA;NA;NA;NA;NA;NA;NA;NA;NA;80980;8870;NA;NA;NA;NA;NA;NA;1754;NA;NA;NA;3000;2631;5262;NA;NA;NA;1400;NA;NA;877;NA;NA;877;100;17540;9647;NA;NA;NA;NA;NA;300;2154
"2011-08-16";NA;100;7016;NA;NA;NA;NA;NA;500;NA;NA;NA;125100;NA;NA;NA;NA;NA;200;NA;NA;NA;NA;32440;19287;NA;NA;NA;NA;NA;NA;NA;NA;NA;NA;600;877;1754;NA;NA;NA;2300;NA;NA;200;NA;NA;877;877;877;15781;NA;NA;NA;NA;NA;300;1754
"2011-12-27";NA;100;15780;NA;NA;NA;NA;NA;19590;NA;NA;100;18410;NA;NA;NA;NA;NA;NA;NA;NA;NA;NA;877;1754;NA;NA;NA;NA;NA;NA;NA;NA;NA;NA;NA;2631;2631;NA;NA;NA;7016;NA;NA;877;NA;NA;NA;NA;400;977;NA;3508;NA;200;4585;NA;8693
"2012-01-31";NA;100;1200;NA;NA;NA;NA;NA;NA;NA;NA;NA;NA;NA;NA;NA;NA;NA;NA;NA;NA;NA;NA;NA;100;NA;NA;NA;NA;NA;NA;NA;NA;NA;NA;NA;NA;800;NA;NA;NA;2300;NA;NA;100;NA;NA;NA;100;700;NA;NA;2300;NA;NA;300;NA;400
"2012-02-28";NA;NA;34200;NA;NA;NA;NA;NA;NA;NA;NA;NA;29810;NA;NA;NA;NA;NA;NA;NA;NA;NA;NA;NA;4385;NA;NA;NA;NA;NA;NA;NA;NA;NA;NA;NA;NA;9647;NA;NA;NA;7016;NA;NA;877;NA;NA;NA;NA;400;NA;NA;57000;NA;NA;151262;100;31564
"2012-03-22";NA;877;65772;NA;NA;NA;NA;NA;51060;NA;NA;100;25430;NA;100;NA;100;400;NA;NA;NA;NA;NA;NA;6139;NA;NA;NA;NA;NA;NA;NA;NA;NA;NA;NA;877;11400;NA;200;NA;5262;NA;NA;1754;NA;NA;NA;NA;35956;NA;100;101100;NA;7016;1219260;NA;130628
"2012-03-29";NA;NA;30210;1500;NA;NA;NA;NA;116500;NA;NA;NA;150800;NA;NA;NA;100;400;NA;NA;NA;NA;NA;100;3231;NA;NA;NA;NA;NA;NA;NA;NA;NA;NA;NA;NA;877;NA;NA;NA;2600;NA;NA;877;NA;NA;NA;NA;10520;400;NA;1754;NA;800;204116;877;17359
"2012-04-12";NA;NA;9800;NA;NA;NA;NA;NA;59630;NA;NA;NA;176500;NA;NA;NA;NA;NA;NA;NA;NA;NA;NA;2054;14901;NA;NA;NA;NA;NA;NA;800;NA;NA;NA;NA;NA;877;NA;NA;NA;30690;NA;NA;400;NA;NA;NA;1754;97057;3508;100;NA;NA;300;NA;200;3814262
"2012-05-29";NA;NA;NA;NA;NA;NA;NA;NA;NA;NA;NA;100;18410;NA;NA;NA;NA;NA;NA;NA;NA;NA;NA;166752;21041;NA;NA;NA;NA;NA;NA;NA;NA;NA;NA;NA;100;1754;NA;NA;NA;NA;NA;NA;100;NA;NA;NA;NA;NA;3508;NA;NA;NA;NA;NA;1754;24648
"2012-06-19";NA;NA;NA;NA;NA;NA;NA;1754;NA;NA;NA;NA;236500;NA;NA;NA;100;NA;NA;NA;NA;NA;NA;115400;41213;NA;NA;NA;NA;NA;NA;600;NA;NA;NA;NA;1754;NA;NA;NA;NA;NA;NA;NA;NA;NA;NA;400;7016;3400;3508;300;NA;NA;NA;600;200;30210
"2012-06-29";NA;NA;NA;NA;NA;NA;NA;200;NA;NA;NA;NA;128500;NA;877;NA;NA;NA;NA;NA;NA;NA;NA;35951;23001;NA;NA;NA;NA;NA;NA;20170;NA;NA;NA;1754;NA;NA;NA;NA;NA;200;NA;NA;NA;NA;NA;200;5262;3508;15782;877;NA;NA;400;200;100;1854
"2012-07-24";NA;NA;2631;NA;NA;NA;NA;12270;NA;NA;NA;NA;57000;NA;NA;NA;NA;NA;NA;877;NA;NA;NA;38585;35948;NA;NA;NA;NA;NA;NA;234800;NA;NA;NA;NA;877;NA;NA;NA;NA;5262;NA;NA;NA;NA;NA;600;6139;4385;150800;200;NA;NA;NA;NA;877;21919
"2012-08-21";NA;NA;NA;NA;NA;NA;NA;NA;1200;NA;NA;NA;224500;NA;NA;NA;NA;NA;877;NA;NA;NA;NA;18712;33617;NA;NA;NA;6139;NA;NA;26310;NA;NA;NA;NA;5262;NA;NA;NA;NA;5700;NA;NA;100;NA;NA;1754;877;1754;1754;NA;NA;NA;1754;200;100;56214
"2012-09-20";NA;NA;10520;NA;NA;NA;NA;NA;31490;NA;NA;100;155900;NA;877;100;100;1754;5262;NA;NA;NA;NA;38177;42094;NA;NA;NA;2631;NA;NA;NA;NA;NA;NA;7893;5262;NA;NA;NA;NA;12270;4385;NA;400;NA;NA;3508;1754;1754;8770;NA;NA;NA;400;NA;877;95009
"2012-11-27";NA;NA;15780;NA;NA;NA;NA;NA;4385;NA;NA;NA;19290;NA;877;NA;NA;NA;NA;NA;NA;NA;NA;800;10524;NA;NA;NA;NA;NA;NA;NA;NA;NA;NA;NA;3508;4385;NA;NA;NA;3508;NA;NA;877;NA;NA;100;1754;2631;NA;NA;54370;NA;10520;7893;877;20967
"2013-03-18";NA;NA;64820;NA;NA;NA;NA;NA;40340;NA;NA;200;80680;2631;NA;NA;NA;2631;NA;2631;NA;NA;NA;NA;12377;NA;NA;NA;NA;NA;NA;NA;NA;NA;NA;NA;1754;5262;NA;NA;NA;19290;NA;NA;1754;NA;NA;NA;877;14030;1277;NA;60510;NA;8770;156170;NA;76593
"2013-03-29";NA;NA;154416;NA;NA;NA;NA;NA;100;NA;NA;NA;162800;29810;NA;NA;100;1754;NA;877;NA;NA;NA;8193;23675;NA;NA;NA;NA;NA;NA;NA;NA;NA;NA;200;NA;2631;NA;100;NA;2800;NA;NA;400;NA;NA;100;2631;12600;25530;100;NA;NA;10520;NA;NA;222339
"2013-04-09";NA;100;89440;NA;NA;NA;NA;NA;7893;NA;NA;NA;68400;12270;NA;NA;NA;877;NA;2631;NA;NA;NA;16207;11500;NA;NA;NA;NA;NA;NA;NA;NA;NA;NA;NA;877;1754;NA;100;NA;16660;NA;NA;3508;NA;NA;NA;2631;4385;25530;NA;48230;NA;114800;488518;NA;156878
"2013-04-24";NA;NA;NA;NA;NA;NA;NA;NA;NA;NA;NA;NA;14909;1000;NA;NA;NA;NA;NA;NA;NA;NA;NA;3508;1754;NA;NA;NA;NA;NA;NA;NA;NA;NA;NA;NA;NA;NA;NA;NA;NA;1400;NA;NA;877;NA;NA;877;877;9647;31572;NA;NA;NA;7016;NA;NA;6110885
"2013-05-28";NA;NA;5262;NA;NA;NA;NA;NA;1000;NA;NA;NA;7013;NA;NA;NA;NA;NA;NA;NA;NA;NA;NA;NA;2731;NA;NA;NA;NA;NA;NA;NA;NA;NA;NA;NA;NA;NA;NA;NA;NA;12278;NA;NA;100;NA;NA;NA;877;62267;NA;NA;NA;NA;NA;NA;100;1414141
"2013-06-19";NA;NA;NA;NA;NA;NA;NA;NA;37710;NA;NA;NA;202200;NA;NA;NA;NA;NA;NA;NA;NA;NA;NA;10524;44825;NA;NA;NA;NA;NA;NA;641000;NA;NA;NA;NA;100;3508;NA;NA;NA;1800;NA;NA;NA;NA;NA;200;200;1100;7016;NA;NA;NA;400;NA;600;4585
"2013-08-08";NA;NA;NA;877;NA;NA;NA;2631;14900;NA;NA;NA;116500;NA;877;NA;NA;NA;NA;100;NA;NA;NA;59633;60500;NA;NA;NA;NA;NA;NA;45600;NA;NA;NA;NA;4485;2631;NA;NA;NA;5200;NA;NA;NA;NA;NA;1400;1754;22123;62260;877;NA;NA;NA;NA;1754;17734
"2013-09-05";NA;100;NA;NA;NA;NA;NA;NA;NA;NA;NA;NA;NA;NA;NA;NA;100;NA;NA;1754;NA;NA;NA;131051;47450;NA;NA;NA;NA;NA;NA;NA;NA;NA;NA;NA;1754;NA;NA;NA;NA;3508;NA;NA;NA;NA;NA;2631;3508;21042;18410;1754;NA;NA;500;NA;300;7116
"2013-10-07";NA;NA;334200;NA;NA;NA;NA;400;15782;NA;877;NA;140500;NA;200;NA;NA;NA;100;NA;NA;NA;NA;13100;9647;NA;NA;NA;1754;NA;NA;3508;NA;NA;NA;800;5262;NA;NA;NA;NA;49110;NA;NA;877;NA;NA;1754;NA;3508;NA;NA;2631;NA;3508;21919;3508;94470
"2013-11-27";NA;NA;18414;NA;NA;NA;NA;NA;2477;NA;NA;100;44720;NA;400;NA;NA;100;NA;NA;NA;NA;NA;800;8770;NA;NA;NA;NA;NA;NA;NA;877;NA;NA;NA;4385;4385;NA;NA;NA;3508;NA;NA;200;NA;NA;100;400;NA;100;NA;5262;NA;17500;6139;500;11624
"2014-01-20";NA;100;4600;NA;NA;NA;NA;NA;200;NA;NA;NA;40340;NA;700;NA;100;300;NA;NA;NA;NA;NA;NA;8770;NA;NA;NA;NA;NA;3400;NA;NA;NA;NA;1754;NA;4385;NA;NA;NA;5200;NA;NA;877;NA;NA;300;NA;1400;877;NA;25430;NA;1200;10920;300;10770
"2014-03-06";NA;NA;NA;NA;100;NA;NA;877;14024;NA;NA;200;41210;NA;NA;NA;NA;1754;NA;877;NA;NA;NA;NA;7216;NA;NA;NA;6139;NA;5262;NA;NA;NA;NA;7016;1754;23676;NA;NA;NA;3508;NA;NA;877;NA;NA;200;NA;10447;7116;400;26310;NA;NA;212501;877;54368
"2014-03-27";NA;NA;14030;NA;NA;NA;NA;NA;5262;NA;NA;100;19290;5262;877;NA;100;6139;NA;NA;NA;NA;NA;4685;9647;500;NA;NA;NA;NA;3508;NA;NA;NA;NA;NA;877;200;NA;NA;NA;NA;NA;NA;NA;NA;NA;100;877;21042;977;NA;1754;NA;NA;27210;100;752292
"2014-04-17";NA;NA;2300;NA;NA;NA;NA;NA;NA;NA;NA;NA;16660;NA;NA;NA;NA;NA;NA;NA;NA;NA;NA;NA;12778;NA;NA;NA;877;NA;NA;NA;NA;NA;NA;NA;NA;NA;NA;NA;NA;15780;NA;NA;100;NA;NA;100;100;29810;NA;NA;NA;NA;NA;NA;200;7404647
"2014-04-29";NA;NA;6139;NA;NA;NA;NA;NA;NA;NA;NA;NA;4385;200;NA;NA;NA;NA;NA;NA;NA;NA;NA;877;900;NA;NA;NA;NA;NA;NA;NA;NA;NA;NA;NA;NA;NA;NA;NA;NA;1200;NA;NA;NA;NA;NA;100;877;299100;NA;NA;NA;NA;NA;NA;877;7319677
"2014-05-28";NA;NA;200;NA;NA;NA;NA;NA;2631;NA;NA;NA;55251;1754;NA;NA;NA;NA;NA;NA;NA;NA;NA;42096;2631;NA;NA;NA;NA;NA;NA;NA;NA;NA;NA;NA;877;NA;NA;NA;NA;NA;NA;NA;NA;NA;NA;877;100;11401;600;NA;2631;NA;NA;2631;NA;3508
"2014-06-10";NA;NA;2600;NA;NA;NA;NA;NA;7016;NA;NA;NA;44720;NA;NA;NA;NA;NA;NA;NA;NA;NA;NA;49988;38577;NA;NA;NA;NA;NA;NA;9647;NA;NA;NA;NA;NA;NA;NA;NA;NA;NA;NA;NA;NA;NA;NA;500;500;800;1100;100;NA;NA;NA;NA;400;977
"2014-06-26";NA;NA;1100;1400;NA;NA;NA;NA;7500;NA;NA;NA;46480;NA;100;NA;NA;NA;NA;NA;NA;NA;NA;2631;32540;NA;NA;NA;NA;NA;600;9647;NA;NA;NA;NA;1754;NA;NA;NA;NA;NA;NA;NA;200;NA;NA;2000;2631;19294;12270;NA;NA;NA;NA;NA;877;3877
"2014-07-25";NA;NA;NA;NA;NA;NA;NA;NA;2800;NA;NA;NA;107900;NA;877;NA;NA;NA;NA;NA;NA;NA;NA;40663;7993;NA;NA;NA;4385;NA;NA;3508;NA;NA;NA;NA;1754;NA;NA;NA;NA;12270;NA;NA;100;NA;NA;877;1754;3908;6139;100;NA;NA;NA;NA;1754;14028
"2014-08-27";NA;NA;NA;NA;NA;NA;NA;NA;NA;NA;NA;NA;99410;NA;NA;NA;NA;NA;NA;NA;NA;NA;NA;76498;15404;NA;NA;NA;NA;NA;1754;3908;NA;NA;NA;5262;1200;NA;NA;100;NA;8770;NA;NA;NA;NA;NA;1754;200;2631;1754;NA;NA;NA;NA;NA;300;14432
"2014-09-23";NA;NA;NA;NA;NA;NA;NA;NA;18417;NA;NA;200;174800;NA;NA;NA;NA;1754;200;NA;NA;NA;NA;22802;34196;NA;NA;NA;6139;NA;NA;273980;NA;NA;NA;1754;3508;6139;NA;NA;NA;11400;NA;NA;877;NA;NA;6239;3508;200;1754;877;1800;NA;3508;8093;1754;117631
"2014-11-26";NA;NA;11600;NA;NA;NA;NA;NA;35614;NA;NA;200;31570;NA;300;NA;NA;400;NA;NA;NA;NA;NA;10720;5085;NA;NA;NA;NA;NA;NA;600;NA;NA;NA;900;877;6139;NA;300;NA;21040;NA;NA;NA;NA;NA;NA;NA;2100;1854;NA;7016;NA;7893;NA;1754;27204
"2015-01-20";NA;NA;1200;NA;NA;NA;NA;NA;300;NA;NA;NA;400;NA;NA;NA;NA;500;NA;NA;NA;NA;NA;NA;NA;NA;NA;NA;NA;NA;400;NA;NA;NA;NA;NA;100;NA;NA;NA;NA;4900;NA;NA;NA;NA;NA;NA;NA;400;NA;100;6800;NA;600;200;NA;9900
"2015-03-06";NA;NA;103400;NA;NA;NA;NA;NA;71028;NA;NA;NA;31570;NA;NA;NA;877;28060;NA;1754;NA;NA;NA;500;4685;700;NA;NA;NA;NA;1754;NA;NA;NA;NA;2200;NA;3531;NA;NA;NA;3508;NA;NA;100;NA;NA;NA;1754;4008;4385;100;1754;NA;7893;97343;877;70156
"2015-04-09";NA;100;7016;NA;NA;NA;NA;NA;NA;NA;NA;100;17540;NA;NA;NA;200;NA;NA;NA;NA;NA;NA;2054;21923;NA;NA;NA;NA;NA;NA;NA;NA;NA;NA;NA;NA;877;NA;NA;NA;2800;NA;NA;NA;NA;NA;NA;400;9647;5262;NA;NA;NA;NA;NA;877;7434062
"2015-04-24";NA;NA;NA;NA;NA;NA;NA;NA;NA;NA;NA;NA;3508;NA;NA;NA;NA;200;NA;NA;NA;NA;NA;300;1177;NA;NA;NA;NA;NA;NA;NA;NA;NA;NA;NA;NA;NA;NA;NA;NA;600;NA;NA;NA;NA;NA;NA;200;332380;NA;NA;NA;NA;NA;NA;NA;12086390
"2015-05-27";NA;NA;NA;NA;NA;NA;NA;NA;NA;NA;NA;NA;118200;NA;NA;NA;NA;NA;NA;NA;NA;NA;NA;1754;28057;NA;NA;NA;NA;NA;NA;NA;NA;NA;NA;NA;NA;877;NA;NA;NA;NA;NA;NA;NA;NA;NA;100;2631;83980;NA;NA;3508;NA;NA;NA;400;28933
"2015-06-16";NA;NA;800;NA;NA;NA;NA;NA;5262;NA;NA;NA;25430;3508;NA;NA;100;NA;NA;100;NA;NA;NA;70160;15786;NA;NA;NA;NA;NA;NA;36830;NA;NA;NA;2300;877;1754;NA;NA;NA;2300;NA;NA;NA;NA;NA;877;NA;3508;877;NA;6139;NA;NA;NA;877;3608
"2015-06-26";NA;NA;NA;NA;NA;NA;NA;877;NA;NA;NA;NA;67520;NA;NA;NA;877;NA;NA;NA;NA;NA;NA;78650;30687;NA;NA;NA;NA;NA;NA;31570;NA;NA;NA;600;877;877;NA;NA;NA;NA;NA;NA;NA;NA;NA;100;877;NA;8770;NA;NA;NA;NA;NA;200;2631
"2015-07-31";NA;NA;600;NA;NA;NA;NA;8770;5262;NA;NA;NA;150800;200;NA;NA;NA;NA;NA;NA;NA;NA;NA;81548;27186;NA;NA;NA;NA;NA;NA;12270;NA;NA;NA;400;2631;NA;NA;NA;NA;3300;NA;NA;300;NA;NA;300;877;300;NA;NA;NA;NA;400;NA;2631;2631
"2015-08-19";NA;100;NA;NA;NA;NA;NA;NA;18257;NA;NA;NA;128500;NA;NA;NA;NA;NA;NA;100;NA;NA;NA;12278;11401;NA;NA;NA;4385;NA;NA;NA;NA;NA;NA;900;1754;NA;NA;4385;NA;3600;NA;NA;1754;200;NA;500;877;4585;NA;877;NA;NA;400;NA;400;2831
"2015-10-23";NA;NA;800;NA;NA;NA;NA;NA;NA;NA;NA;NA;14030;NA;NA;NA;NA;NA;NA;NA;NA;NA;NA;15778;NA;NA;NA;NA;NA;NA;NA;1754;NA;NA;NA;NA;4385;4385;NA;200;NA;22800;NA;NA;NA;NA;NA;100;NA;1754;1854;NA;2631;NA;3508;877;NA;41540
"2015-12-15";NA;NA;NA;NA;NA;NA;NA;NA;4385;NA;NA;NA;13150;NA;NA;NA;NA;NA;NA;NA;NA;NA;NA;600;6339;NA;NA;NA;877;NA;NA;NA;NA;NA;NA;NA;3508;877;NA;100;NA;38580;NA;NA;877;NA;NA;NA;200;2054;NA;NA;600;NA;7016;1077;100;18716
"2016-02-26";NA;NA;234100;NA;NA;NA;NA;NA;2377;NA;NA;NA;57000;NA;100;NA;NA;1754;NA;NA;NA;NA;NA;200;1754;700;NA;NA;NA;NA;16660;NA;NA;NA;NA;NA;NA;5354;NA;1100;NA;1754;200;NA;100;NA;NA;100;100;9085;700;877;12270;NA;1400;27181;877;47849
"2016-03-10";NA;NA;292000;NA;NA;NA;NA;NA;400;NA;NA;NA;14030;NA;877;NA;NA;200;NA;NA;NA;NA;NA;NA;3708;NA;NA;NA;4385;NA;10520;NA;NA;NA;NA;NA;NA;4585;NA;877;NA;20170;1754;NA;400;NA;NA;NA;877;1600;700;NA;NA;NA;3508;55250;200;32293
"2016-03-23";NA;NA;62267;NA;NA;NA;NA;877;30618;NA;NA;NA;6139;NA;NA;NA;NA;19294;NA;NA;NA;NA;NA;3031;2631;400;NA;NA;NA;NA;NA;NA;NA;NA;NA;NA;NA;NA;NA;900;NA;NA;1754;NA;NA;NA;NA;NA;400;16932;11401;100;NA;NA;16663;877;NA;429739
"2016-04-05";NA;NA;34200;NA;NA;NA;NA;NA;3900;NA;NA;NA;36830;400;NA;NA;NA;NA;NA;NA;NA;NA;NA;14432;2731;NA;NA;NA;2631;NA;NA;NA;NA;NA;NA;2300;877;NA;NA;200;NA;NA;NA;NA;NA;NA;NA;100;200;2931;46480;NA;NA;NA;NA;NA;877;1756516
"2016-04-19";NA;NA;200;NA;NA;NA;NA;NA;6700;NA;NA;NA;22800;4385;NA;NA;100;NA;NA;NA;NA;NA;NA;8039;2154;NA;NA;NA;2631;NA;NA;NA;NA;NA;NA;NA;100;NA;NA;NA;NA;NA;NA;NA;100;NA;NA;200;1754;16660;10520;NA;NA;NA;NA;NA;877;2543754
"2016-05-09";NA;NA;NA;NA;NA;NA;NA;NA;NA;NA;NA;NA;10520;NA;NA;NA;NA;NA;NA;NA;NA;NA;NA;NA;5262;NA;NA;NA;2631;NA;NA;NA;NA;NA;NA;NA;300;100;NA;NA;NA;NA;NA;NA;NA;NA;NA;NA;200;26310;100;NA;NA;NA;NA;877;100;2989397
"2016-06-07";NA;877;3508;NA;NA;NA;NA;NA;26710;NA;NA;100;73700;NA;NA;100;NA;NA;NA;NA;NA;NA;NA;190424;10524;400;NA;NA;877;NA;NA;3508;NA;NA;NA;NA;5262;2631;NA;NA;NA;2600;NA;NA;100;NA;NA;NA;300;18415;42088;NA;3508;NA;1300;NA;100;11762
"2016-07-06";NA;NA;NA;NA;NA;NA;NA;1754;158150;NA;NA;NA;143900;5262;NA;NA;100;877;NA;NA;NA;NA;NA;8770;11901;NA;NA;NA;7893;NA;NA;59630;NA;NA;NA;NA;1754;1754;NA;NA;NA;2200;NA;NA;100;NA;NA;877;877;18417;16660;877;NA;NA;NA;NA;800;10647
"2016-08-01";NA;NA;15780;NA;NA;NA;NA;NA;800;NA;NA;NA;73700;116500;200;NA;NA;NA;NA;877;NA;NA;NA;45596;10524;NA;NA;NA;16660;NA;NA;12270;877;NA;NA;NA;6139;200;NA;NA;NA;3400;NA;NA;100;NA;NA;2154;4385;400;9647;877;NA;NA;400;1754;NA;1677
"2016-09-06";NA;NA;15780;6139;NA;NA;NA;1754;NA;NA;NA;NA;178200;NA;200;NA;100;NA;100;100;NA;NA;NA;12220;9847;NA;NA;NA;7893;NA;NA;20290;NA;NA;NA;NA;977;NA;300;400;NA;2200;400;NA;877;NA;NA;6439;200;500;1754;NA;NA;NA;3508;1954;200;9585
"2016-10-25";NA;NA;4200;NA;NA;NA;NA;NA;35194;NA;NA;NA;109600;NA;877;NA;NA;300;20170;877;NA;NA;NA;36832;13455;877;NA;NA;5262;NA;NA;15000;200;NA;NA;300;877;3508;NA;700;NA;5262;2631;NA;NA;NA;NA;100;877;7616;800;NA;4385;NA;4385;3508;877;71628
"2016-11-29";NA;NA;600;NA;NA;NA;NA;NA;NA;NA;NA;NA;49110;NA;NA;NA;NA;NA;NA;NA;NA;NA;NA;NA;3608;NA;NA;NA;100;NA;NA;NA;NA;NA;NA;NA;2631;NA;NA;NA;NA;17540;2631;NA;100;NA;NA;NA;NA;3508;NA;NA;11400;NA;800;7893;877;41057
"2016-12-14";NA;NA;NA;NA;NA;NA;NA;NA;NA;NA;NA;NA;47350;NA;NA;NA;NA;NA;877;NA;NA;NA;NA;NA;3908;NA;NA;NA;4385;NA;NA;NA;NA;NA;NA;NA;NA;NA;NA;NA;NA;8770;1754;NA;NA;NA;NA;NA;NA;NA;NA;NA;5262;NA;3508;2754;100;26952
